qid,label
Q100103,West Flemish
Q100143012,Nachtjargon
Q100148307,Chinese (Hong Kong)
Q100251275,South Asians
Q1002570,Buginese people
Q1003039,Chinese Singaporeans
Q100385760,Belgian Jews
Q100510227,Cambodians
Q100938408,Fort Peck Assiniboine and Sioux Tribes
Q101085467,Saint Lucians
Q101094841,Western Europeans
Q101210036,Uzbekistanis
Q101242814,Greeks
Q101244711,Indian Nepali
Q10134,Klingon
Q101452272,Azerbaijanis
Q1014854,Romani people in Burgenland
Q101500220,Macedonians
Q101540760,Français et Anglais
Q10179,Zulu
Q101828,Ainu people
Q10196,Aranese
Q10199,Zazaki
Q1020828,Graubünden/Grisons dialect
Q102090,Apache
Q102172,Limburgish language
Q102183245,Cameroonian French
Q102193349,Slovenes
Q102251,Sephardi Jews
Q102394749,AO
Q1024920,Caboclo
Q1026,Poles
Q1026107,Kaqchikel people
Q102611190,Cook Islanders
Q1026812,California English
Q1028,Morocco
Q1028240,Kayapo people
Q1028268,Terena people
Q1028277,Danezaa people
Q10290517,Talysh people
Q10291502,Gregoriano Canedo
Q10293521,hāfu
Q103051950,Niueans
Q10312754,Japanese Canadians
Q10322106,Ukrainian Sign Language
Q1033,Nigeria
Q10337366,Nordestino
Q1034036,Saudi Arabic
Q10340875,Omagua
Q103421721,Western Ukrainians
Q10344162,Pankara people
Q1036511,vernacular
Q10368504,Saterés
Q1037,Rwanda
Q10375164,Suruí de Rondônia
Q10378754,Czech-Brazilians
Q103817,indigenous people
Q1040944,Khuzestani Arabic
Q1041,Senegal
Q10412317,Anmatyerre
Q1041917,Spanish Americans
Q104415946,San Felipe Puebloans
Q104416444,Taos people
Q104439864,Kewa Puebloan
Q104440625,Santa Clara Pueblo
Q1045435,Mzimba District
Q1047264,Wampanoag people
Q104876826,Zimbabwean English
Q1048980,Singaporean Mandarin
Q1049,Sudan
Q105046944,Virgin Islanders
Q10510745,Gumatj
Q10535532,Ingrian dialects
Q10536777,Iroquois people
Q105405,Cherokee
Q105465076,Nanuni
Q10549839,Kukatja
Q1056744,Italian Argentines
Q1057284,Portuñol
Q1057292,Don Cossacks
Q1058496,Dutch Americans
Q1059053,Oroqen people
Q1059355,Chakma people
Q1060050,Afro-Russians
Q106085,North Germanic
Q1060991,Chamorro people
Q1061510,Egyptians
Q106373055,Mole-Dagbani
Q106398670,Bhoyari
Q106416,Frisians
Q1064264,Serbs in Romania
Q1064662,Serbs of Bosnia and Herzegovina
Q106490539,Bole
Q106490649,Fulani
Q106491136,Karai-Karai people
Q1065371,Italian Brazilians
Q1065583,Potawatomi
Q106684365,Ndebele people
Q106713,mestizo
Q1067878,Urdu Wikipedia
Q1067977,hazzan
Q106801672,Chamba
Q106807733,Tuvaluans
Q106974,Ossetians
Q106991,Chukchis
Q107062544,Arabic-English Thematic Lexicon
Q107100968,Huáyǔ
Q10713,Luwian
Q1071514,Russians in Finland
Q1072111,Galician–Portuguese
Q1072137,Chichimeca
Q107220118,Red Lake Band of Ojibwe
Q10728608,överkalixmål
Q107301856,"indigenous peoples of Chiapas, Mexico"
Q107351799,Urhobo
Q107358,Koine Greek
Q107434,Sioux
Q1074730,Chiricahua
Q1075293,Irish Americans
Q1075302,Arbëresh
Q1075929,African people
Q10782760,Eastern Turkic
Q10800567,Vietnamese Australians
Q108085600,Romani people in the United Kingdom
Q1081323,Bresciano
Q108158620,Brussels French
Q108266,Navajo
Q1083957,Christian Arabic
Q108419069,Southern Low Alemannic German of Alsace
Q10859769,Iranians in the United Kingdom
Q10867404,Sabah Malay
Q10872633,Manobo people
Q1087991,Portuguese Africans
Q1088025,Old Spanish
Q109038523,Guin
Q10904122,北马福建话
Q1091534,Limonese Creole
Q1092641,Luxembourgers
Q109311583,Britons in Venezuela
Q109318275,Auvergne Romani
Q1093676,Nissart
Q109402,Aymara
Q10948482,Mandarin
Q109591499,Afro-Indigeneity
Q109704308,Pedah: hommes de l'eau
Q10975121,Cebaara
Q10984756,Neoslavonic
Q109974444,Brohi Charan
Q11005360,Shubi
Q11008655,Khana
Q11010149,Aka
Q11015105,Gbagyi
Q11020264,Sissala
Q110223,Mennonites
Q11023714,Chistabin Aragonese
Q11028135,Nandi–Markweta
Q110313491,English New Zealanders
Q1103973,Hungarian Canadians
Q1105014,Kokama
Q11051,Hindustani
Q11059,Sanskrit
Q110617188,Georgians in Turkey
Q110627292,Solomon Islander
Q11071864,Truku
Q110858728,Algerian French
Q110859231,British Canadians
Q110884043,Italian English
Q110886759,Lebanese French
Q110903424,Polish French
Q110923182,Yankunytjatjara
Q11120689,Penang Hokkien
Q1112181,Ngāti Whātua
Q11124731,Wuhan dialect
Q1113048,Iranian Americans
Q11134434,Enwan Oron
Q11141722,Henan dialect
Q11151153,Haitian Township
Q111585908,Igbo
Q1115875,Colombian Spanish
Q11159524,Kagoro
Q1117020,Kurds in Turkey
Q111738634,Karaw
Q111828457,Galegos en Francia
Q111945432,Tangale people
Q111955164,South Asians in the United Kingdom
Q11210588,Ukrainians in Moldova
Q11221875,Serbs in Dalmatia
Q1123129,Teleuts
Q1123923,Nez Perce
Q11259242,Edo dialect
Q112663570,British Spanish people
Q11267380,Whadjuk
Q11269025,Ukrainians in Japan
Q11275553,Keliko
Q112964783,Gujarati Canadians
Q1129737,Lezgins
Q1130204,Coloured
Q1130350,Minangkabau
Q1130557,Negro
Q1131768,Valencian people
Q1131790,Cora people
Q1132647,Otomi
Q11334570,Black Indians in the United States
Q1133458,Hemshin peoples
Q11351813,Woshite script
Q1135531,Samoans
Q11356214,Mikawa dialect
Q113682092,Orutsararmiut Native Council
Q1137355,Kwakwaka'wakw
Q1137419,Kʼicheʼ
Q1137945,Andalusi Arabic
Q1138165,Ngāti Kahungunu
Q1138224,Cowlitz people
Q1138529,Glosa
Q113947627,Q'ero
Q1140588,Russian Americans
Q11408543,Nambu dialect
Q1142126,Selkup people
Q1142249,Urus
Q11426515,Saitama dialect
Q1142927,Hongkongers
Q1143462,Chin people
Q1143929,Kamba people
Q11441423,Osaka dialect
Q1144461,Japanese Brazilians
Q11445105,Nara dialect
Q1146100,Chinese Americans
Q1147606,Beijing dialect
Q114782,Sahaptian
Q11485811,Shōnai dialect
Q11491,Bangli
Q115026,Swedish Americans
Q11502947,Niigata dialect
Q1150312,Greek Americans
Q1150505,Румуни у Чернівецькій області
Q115138052,Sholyio
Q115138197,Fantswam
Q115138293,Gworog
Q115138342,Takad
Q115138503,Tyap Mabatado
Q115196460,gitanos catalans de França
Q115245048,Trinidadian Canadians
Q115245148,Trinidadian Americans
Q11535178,Tochigi dialect
Q1154419,Kombe people
Q115473,Hazaras
Q115475309,Ihioma
Q11554815,Senshū dialect
Q11561926,toraijin
Q1156228,South African English
Q1156766,Japanese Americans
Q11568192,Kumamoto dialect
Q1157179,Dagaaba people
Q1157736,Dakelh people
Q115781637,Indonesian Arabic
Q115842165,Afro-Catalan
Q11588909,Kanagawa dialect
Q1158971,Dan
Q11595357,Akita dialect
Q11602978,Chikuhō dialect
Q1160372,Laz
Q1162132,Wixarika
Q1162678,Romungrzy
Q1163234,medieval Latin
Q116340859,Maraguá
Q1164,Assam
Q1165171,Iraqi Turkmen
Q1165330,Yakoma people
Q11654322,Nagano dialect
Q1165955,Mossi people
Q1165960,Ngbaka people
Q116603700,Mexican English
Q11663030,Shizuoka dialect
Q11667077,New Tokyo dialect
Q1167192,Hesquiaht First Nation
Q11685635,Bolivian Americans
Q116971,Mohawk
Q117100,Kiowa people
Q117133,Comanche
Q117191,Cree
Q117255,Hopi people
Q11732537,Nyanja language
Q11732757,Old Romanian
Q117455974,Catalan Caló
Q117458,Crimean Tatars
Q117817135,Onondaga
Q1178505,Csángó
Q11822008,Poles in Sweden
Q118281,Kannada people
Q118393984,Malay people of Bangka
Q1185127,Louisiana Creole
Q11858947,Southern Sámi people
Q118611112,toubou
Q118664294,provençal rhodanien
Q1186896,Nawat
Q11871956,Classical Greek
Q1187403,Mongols in China
Q11888082,piitimensaamelaiset
Q1189494,Indian Malaysians
Q1189552,Polish Americans
Q11904259,Black Puerto Rican
Q11906349,tensí
Q1191393,Kansai dialect
Q1192173,Galician-Asturian
Q1192295,Juǀʼhoansi
Q1193617,Hoa people
Q1193712,Resian
Q1193808,Norwegian Americans
Q1194795,Maghrebi Arabic
Q1195125,Cubans
Q119626246,cevenòu
Q1196645,Canadians
Q1196649,Kashmiri people
Q1199751,Kelantan-Pattani Malay
Q1200528,Malaysian Chinese
Q12014472,Khuzestani Arabs
Q1201737,German Australians
Q120601,Omaha Tribe of Nebraska
Q12060728,Aboriginal Australians
Q1207351,Chinese Canadians
Q1207611,Crow
Q1207739,Puquina
Q120835868,North Coast Sundanese
Q1208368,dialects in Saarland
Q1209676,Mexicans
Q12107,Breton
Q1211934,Hispanics
Q121364085,Cook Islands New Zealanders
Q12156663,Cochiti
Q1215876,Hiberno-Latin
Q12175,Manx
Q12179603,Lebanese Australians
Q12180107,Kurds in Iraq
Q121842,French
Q1218654,Camera Lucida
Q122194993,Kwanyama
Q12223,Kurds
Q12237464,Alexandrian dialect
Q12237465,Bahraini Gulf Arabic
Q12257607,Euskalduna
Q12257903,Fon people
Q12258978,Hegoaldeko goi nafarrera
Q1226906,Diola people
Q12274130,Българин
Q12289,Old Latin
Q12291029,Pomaks in Bulgaria
Q122957997,people from Madrid
Q122984066,people from Mallorca
Q1231625,Romanesco
Q1231805,Proto-Greek
Q123358254,Croatian British
Q1234581,Igorot peoples
Q1235705,Tiv people
Q12360214,bass guitarist
Q123751807,Palestinians in Israel
Q1238032,Dominican Spanish
Q123864557,ישראלית
Q12404065,Israeli Americans
Q124047417,Peranakan Chinese
Q124173455,Kakwa People
Q1242155,Albanians in Kosovo
Q124216,Swiss
Q124282395,Pidgin English
Q124321869,Ecuadorian Canadians
Q124353492,Bargees
Q124364175,Polish Jews
Q124369945,Kola Sámi
Q1246397,Contemporary Latin
Q124692539,Korean Germans
Q1247932,Ecclesiastical Latin
Q12480578,Algerians
Q1248221,Neo-Latin
Q1248654,talian
Q1248791,Nakota
Q1248800,Common Brittonic
Q124901,West Semitic
Q12497929,Palembang
Q1250259,Ambonese
Q1250849,Pākehā
Q125258960,Belgian German
Q125351790,Luo
Q1253814,Kaithi
Q1255761,Southern Tutchone people
Q1255780,Yao people
Q1257799,Ovimbundu people
Q1257826,Lenca people
Q1258074,Sindhis
Q125822634,Surinamese Dutch
Q1258905,Madurese
Q1260346,Santal people
Q126047554,Alienígena
Q1261777,Serbian Americans
Q1262011,Tagalog people
Q1262389,Serbs in North Macedonia
Q1262708,Mazatec people
Q12627923,Bikol
Q12628222,Bosniaks of Serbia
Q1263088,Seri people
Q12632439,Croats of Italy
Q12632446,Croats of Sweden
Q12633026,Rinconada Bikol
Q12633608,Jemez Puebloans
Q12635887,Lumbee
Q12636991,Mina
Q126387769,Vietnamese Belgians
Q12641662,San Carlos Apache Tribe
Q12642598,Central American Indian languages
Q12645549,Western Arrarnta
Q12645717,Zia people
Q1265028,Marathi people
Q1266593,Bodo tribe
Q1266626,Balinese
Q126756,Basques
Q1267760,Dusun people
Q1267932,Schleuh people
Q1267987,Malayali
Q12683226,Tenggarong
Q1268882,Quapaw
Q126922060,Malaysian people of British descent
Q126922076,Malaysian people of Scottish descent
Q12718725,strilamål
Q12720866,Arabs in Romania
Q1273591,Munduruku people
Q127515,Chipewyan people
Q1276073,Chileans
Q1277335,Oron
Q127885,Serbs
Q1280677,Serbs of Croatia
Q1281236,Guyanese
Q1282294,Gujarati people
Q12826303,Luo people
Q1282763,Tahitians
Q1283558,Ngāpuhi
Q1283606,Native Hawaiians
Q1284276,Wichís
Q1284877,Kija
Q12859294,Pakistani English
Q1286876,Maltese people
Q1287326,Edo people
Q1287940,Assamese people
Q128825,Turks in Bulgaria
Q1290108,Croats of Serbia
Q1290529,Syrian Turkmen
Q1290600,Visayans
Q1290668,ni-Vanuatu
Q129167917,Arabe
Q129175709,Japanese people of Filipino descents
Q129175749,Japanese people of Canadian descents
Q1293737,Bicolano people
Q1294018,Adi people
Q1294047,Sasak
Q1294121,Pangasinan people
Q129431,Prekmurje Slovene
Q1295107,Forest Nenets
Q12952337,Paite
Q12953579,Mayoyao
Q12953639,Kituba (Congo)
Q12953686,Mahali
Q1295544,Fang people
Q12960308,Trinidadians and Tobagonians
Q129648,Jejuan
Q1296766,Shuar
Q129962,Zulu people
Q13022730,Khorat Thai
Q13027713,Southern Thai people
Q1307911,chicano
Q1308571,Ilmthüringisch
Q131138924,Japanese  people of Australian descents
Q131242,Eskimo
Q131339,Alemannic
Q13142586,Pumattertitsch
Q13142633,Greschoneytitsch
Q13142774,Markgräflerisch
Q131480191,Azorean Canadians
Q13155057,Ndebele
Q13156645,mundu
Q13175353,Kyrgyz in Uzbekistan
Q1318423,Australians
Q131848,Italic
Q13192,Qashqai
Q13196,Rajasthani
Q13198,Réunion Creole
Q13199,Romansh
Q13201,Romani
Q13207,Runyankole
Q1321,Spanish
Q13210,Russian Sign Language
Q13211,Ruthenian
Q13214,Zapotec
Q13218,Xhosa
Q13220,Xiang Chinese
Q1322020,Ijaw
Q1322825,Kamchadals
Q13235,Udege
Q13238,Udmurt
Q13239,Ulch
Q13248,Upper Sorbian
Q13257,Urum
Q13263,Uyghur
Q132659,Egyptian hieroglyphs
Q13267,Sinhala
Q13268,Sioux
Q13271,Skolt Sami
Q13272,Slavey
Q13275,Somali
Q132776224,Tokelauans
Q13286,Lower Sorbian
Q132874,Lisp
Q13292,Sourashtra
Q13293,Southern Sami
Q13300,Nahuatl
Q13301,Khoekhoe
Q13303,Nanai
Q133032,Hungarians
Q13307,Nauruan
Q13310,Navajo
Q13311,Ndau
Q13316,Mikasuki
Q13321,Mi'kmaq
Q13324,Minangkabau
Q133255,Bulgarians
Q13330,Mirandese
Q13339,Mohawk
Q13343,Moksha
Q13349,Mon
Q13351,Innu-aimun
Q13353,Montserrat
Q13354,Yucatec Maya
Q13356,Mazanderani
Q13357,Meänkieli
Q13358,Megleno-Romanian
Q13359,Mingrelian
Q13366,Meroitic
Q133853462,Unterallgäuerisch
Q133875426,Mancunian Irish
Q13389,Bashkir
Q1339276,Chinese Tatars
Q13405512,Bühnendeutsch
Q13414913,Simplified Chinese
Q13437115,Ohkay Owingeh
Q1344183,English Americans
Q134462946,"Igbo Language and Culture, vol 2"
Q134563630,Viidushi Tiwari
Q1346254,Gilaki people
Q1348800,Indian English
Q1349118,Selk'nam people
Q134936,Quechua people
Q13510225,Tejalapan Zapotec
Q135305,Bihari
Q135410381,Penobscot
Q135595,languages of India
Q1355983,Ermländisch
Q13560779,Gullah
Q135677363,Jews in Memphis
Q135863,Algonquin people
Q1359718,Hupa
Q136091363,Tyrolean
Q136222336,Japanese people of Venezuelan descent
Q1363055,Belizean Creole
Q1363072,Guianan Creole
Q13635519,Greeks in Belgium
Q13636869,Hungarian Sign Language
Q1363781,indigenous peoples in Brazil
Q13646143,Malaysian Mandarin
Q13648403,Meriam people
Q1365234,Russians in China
Q1365342,Yenish
Q1365830,Romani people in Spain
Q1366643,Swiss High German
Q1369944,French Americans
Q1370194,Estonian Swedish
Q1375066,Pitjantjatjara people
Q1377716,Belgians
Q137784291,Italo-Paulista
Q1378555,multiracial people
Q1389123,Koyukon people
Q13955,Arabic
Q1398263,Liechtensteinisch
Q1399453,nagea
Q1401272,Macedonians
Q1401612,Lunfardo
Q140328,Zaghawa people
Q140420,Rusyns
Q1404296,Belgian Dutch
Q140472,Silesians
Q1405077,Kwanyama
Q1406574,Gunwinggu
Q1411194,Inari Sami people
Q1412,Finnish
Q1413685,Filipino Americans
Q1413694,Philippine English
Q1417088,Iñupiaq people
Q141817,German Americans
Q14184174,Southern Languedocian
Q14185,Occitan
Q14196,Afrikaans
Q142,France
Q1420205,Pulaar
Q1421205,Lithuanian Jews
Q1422423,varieties of Arabic
Q1424118,Helsinki slang
Q142702,Malays
Q142897,Zaza people
Q1429504,Kickapoo
Q143,Esperanto
Q1431089,Croats of Bosnia and Herzegovina
Q1431998,Wayampi people
Q143231,Vietnamese Germans
Q1437354,Luo
Q1437595,Sauk people
Q1440169,Meskwaki
Q1450506,Canadian French
Q14507109,Portuguese-based creole languages
Q145099,Schleifer dialect
Q1454599,Simplified Technical English
Q14549,Scots
Q1455628,Karuk
Q1456583,Washo people
Q145665,Manchu
Q1456870,Nlaka'pamux
Q1461092,Finland Swedish
Q1464994,Latino
Q146521,Sorbs
Q1465745,German New Zealanders
Q1466276,Hausa-Fulani
Q146744,Copts
Q146803,Lingua Franca Nova
Q14708404,Cherokee Nation
Q147085,Anatolian
Q1472196,Early Modern English
Q147239,Kashubians
Q1473289,Middle French
Q147401,Zapotec
Q147540,Székelys
Q14759,American Sign Language
Q1477754,Gonja people
Q1478209,Ogoni people
Q1478672,Mende
Q1479279,Tongva people
Q148,People's Republic of China
Q148004,Zarma people
Q1480041,Tainui
Q1480152,Swiss French
Q14802184,Syrian Argentines
Q1482397,Nupe people
Q1483997,Kambeba
Q1484689,Volga Tatars
Q14874943,English River First Nation
Q14875067,Skownan First Nation
Q148971,Interslavic
Q149208,East Frisian Low Saxon
Q1493185,Tonkawa
Q1496534,Gay
Q1496597,Southern Kurdish
Q1496762,Gbaya people
Q14986561,Amazofonia
Q1499115,Hinglish
Q15,Africa
Q150,French
Q1503845,Croats in the Czech Republic
Q15055500,Lebanese Mexicans
Q15065,Malaysian Malay
Q15085,Piedmontese
Q15087,Arpitan language
Q1509140,Okanagan people
Q1515972,Modoc people
Q151660,Ruhrdeutsch
Q1516642,Lebanese Arabic
Q1516803,Miskito
Q1517194,Nubian
Q1517496,Iowa people
Q1520094,Hunkpapa
Q1520098,Kainai Nation
Q15215155,nisei
Q1523166,Plains Apache
Q1526530,Aguaruna
Q152965,Silesian German
Q15307583,Ghanaians
Q153139,Eifel dialects
Q1534429,Q'eqchi' people
Q153557,Kakwa people
Q1537653,Ho-Chunk
Q1540453,Yakama
Q1541828,Riffian people
Q15478520,Old Catalan
Q1550384,Kutenai people
Q1550492,Kewa Pueblo
Q1553250,Scottish English
Q1554625,Gunditjmara people
Q1555069,Cherkess
Q1555188,Gurindji people
Q1555902,Adyghe people
Q155645,Varhadi
Q15571255,indigenous peoples of North America
Q15623651,Signed Polish
Q1562783,Maldivians
Q1563033,Wolastoqiyik
Q15630880,Mixtec
Q1564956,Serbs in Slovenia
Q1564992,Serbs of Montenegro
Q15665389,Tunumiisut
Q1567862,Iraqis
Q1568,Hindi
Q1569973,Haketia
Q1570945,Mandar people
Q1571,Marathi
Q157139,Baltic Germans
Q1572210,Mbya Guarani
Q1572622,Waorani people
Q1572875,Oneida
Q1572989,Hamburger Dialect
Q1573591,Sayisi Dene
Q15763,Circassians
Q1578980,Thai Malays
Q1584458,Bisayan
Q15863,Slovenes
Q1588618,Two Kettles
Q15899756,Xiapu dialect
Q159,Russia
Q15902531,Chongqing dialect
Q15949440,West Indians
Q15980602,Romani people in Bosnia and Herzegovina
Q16001438,懷寧話
Q16007968,Afghans
Q16056484,Malaysian Americans
Q16077801,Xiongnu people
Q160894,Spaniards
Q16102016,Czech Germans
Q16109294,Kitigan Zibi Anishinabeg
Q16111415,Halq’emeylem
Q16112212,Croats in Austria
Q16116629,Russia Buriat
Q16129257,Eastern European Jewry
Q16147131,Afro-Saint Lucians
Q16148322,Cornish Canadians
Q16148367,Dakota people
Q16149615,African-American Jews
Q16149883,Maltese American
Q16150470,Bermudian Americans
Q16151239,White Angolans
Q16151308,White Dominicans
Q16151422,Luxembourgish Canadians
Q16151568,Middle Eastern Americans
Q16152214,Moroccan Jews
Q16152605,Eritrean Americans
Q16153767,Afro-Curaçaoan
Q16155102,Nigerians
Q1616241,Liberian English
Q161652,Japanese people
Q1617,Urdu
Q16171951,Koreans in China
Q16191909,Palestinian Canadians
Q1619364,Indo-Surinamese
Q16200984,Nigerians in Ireland
Q16201253,Algerian Canadians
Q16201677,Swiss Canadians
Q16202212,Venezuelans in Spain
Q16202252,Nigerian Canadians
Q16204670,quilombola
Q16210183,Inuktitut
Q16211886,Wemba-Wemba
Q1624231,Hokkien
Q16282033,Tetsuo
Q1633149,Soviet people
Q16334334,Yugambeh
Q1634930,Yanktonai
Q163629,Ethiopian Semitic
Q163943,Druze Faith
Q1639998,Warlpiri
Q1640329,Kalderash
Q1641543,Romagnol
Q1645721,Iranians in Germany
Q1645980,Jats
Q164667,Arabian
Q164714,Danes
Q164854,Podlachian
Q1649362,Mishnaic Hebrew
Q1649537,Modern English
Q1649613,Vivaro-Alpine
Q1650456,Mbosi people
Q165192,Swedes
Q165235,Bosnians
Q165320,Cocopah people
Q1654327,Classical Arabic
Q1655283,Tausug people
Q1656014,Tiwi
Q1656595,Kom
Q165795,Kven
Q1661504,Croats in Uruguay
Q166176,Nenets
Q16639243,Tesuque
Q16640584,Tlahuica
Q1669630,Qumran Hebrew
Q16702592,Koreans in Ukraine
Q16707702,Nicaraguan Spanish
Q1672477,Iranian peoples
Q1673765,Skolts
Q167420,Croats
Q16761398,Serbian Russians
Q16768972,Chinese Italian
Q16799549,Latin Americans
Q1680351,Sihasapa
Q16821119,Ethiopian Canadians
Q16833621,Argentine Canadians
Q16839420,Goans
Q168499,Korean Canadians
Q1686766,Yemeni Arabic
Q16870089,Gallego
Q16882745,Mbukushu
Q16888615,Nawayathi
Q16932703,Germans from Russia
Q1693444,Germans of Serbia
Q16937253,Kalderash Romani
Q16945676,Warumungu Sign Language
Q16950006,Colombian Canadians
Q16957,German Democratic Republic
Q16960413,Afro-Belgians
Q16963970,Slavic Muslims
Q17006555,Caribbean people
Q17006600,Old Burmese
Q1701590,Ngunnawal people
Q17015980,Romanians in Serbia
Q170217,Czechs
Q170284,Finns
Q17034148,Shaanxi Mandarin
Q170352,Transylvanian Saxons
Q170355,Indigenous Australians
Q1703953,Swampy Cree
Q1704409,Plains Cree
Q17045028,Belarusians in Kazakhstan
Q17051198,Gija
Q17052722,Nigerian Brazilians
Q17054260,Ngāti Pūkenga
Q17054305,Indo-Guyanese
Q17055843,Ngāti Rangitihi
Q17056773,Temuan
Q17060677,Waikato Tainui
Q17071030,Sylheti
Q17072635,Hiligaynon people
Q1707319,Tusya
Q17074661,Karay-a people
Q17078871,mestizo Colombians
Q170826,Irish people
Q17111069,White Puerto Ricans
Q1711179,Judaeo-Catalan
Q1711622,Jukunoid
Q171336,Slovaks
Q171795,Abkhazians
Q1722812,Nzema people
Q1722872,Kamayurá people
Q172365,San people
Q1723904,Kaw people
Q172717,Avars
Q17278097,Crow Creek Sioux Tribe
Q17279967,Oglala Sioux Tribe
Q17280097,Rosebud Sioux Tribe
Q17280792,Standing Rock Sioux Tribe
Q173302,Estonians
Q173371,Bantu people
Q173491,Tamil
Q1737166,Kaurna people
Q1737293,Miniconjou
Q1737369,Kaxinawá people
Q17376908,languoid
Q1740805,Northern Quichua
Q17478054,Gitano
Q1749358,Lithuanian Americans
Q17507337,Black Bermudian
Q17507517,Tunisians in France
Q1751432,Plautdietsch
Q1752440,Israeli Jews
Q1754891,Ponca
Q1755154,Coast Salish peoples
Q1757689,Cypriot syllabary
Q1757881,Tupinambá
Q175823,Gamilaraay
Q1758420,Mandailing Batak
Q1760969,Lovari
Q176203,Xerente people
Q1764544,Warumungu
Q1767941,Arrernte
Q1775361,Gondi
Q1776032,Hill Mari
Q1778387,Miccosukee
Q1779257,Colla People
Q1780828,Romanichal
Q1781613,Norwegian Sign Language
Q178440,Dari
Q178484,Mapuche
Q1785086,Kosovars
Q1785209,Venda people
Q178630,Portuguese
Q178631,Kanak
Q178806,Middle Dutch
Q179086,Bora–Witoto
Q1790886,Cuban Americans
Q1790907,Otoe tribe
Q179248,Albanians
Q1792998,Kurds in Syria
Q1793131,Gunai
Q1793299,Serbisk
Q17984880,South African New Zealander
Q17985547,Anēwan
Q1799968,Ladins
Q18001597,Christian
Q1800513,Laguna people
Q1803607,Transylvanian Landler dialect
Q180361,Gagauz
Q1804699,Dan people
Q180688,Bedoui
Q1808217,Lummi
Q180945,Western Armenian
Q18097,Korea
Q1810442,Sea Sámi
Q181059,Eastern Armenian
Q181074,Classical Armenian
Q18130932,Traditional Chinese
Q1813500,Nauset
Q1815623,Sri Lankan Tamils
Q181634,Scottish people
Q1820260,Pintupi
Q18223620,Basque Colombians
Q1825812,Salish peoples
Q182651,Samaritan
Q1828555,Arabic script
Q183,Germany
Q18349467,Curaçaoans in the Netherlands
Q18356677,Marwari people
Q183573,Hui people
Q18393011,Kenyan English
Q1840268,Syrian Jews
Q18419656,Fang
Q18449340,Ter Sami people
Q1844993,Chiquitano
Q18468761,Citewe
Q1849258,Albanian Americans
Q18503195,Italiana
Q1850474,Wintun people
Q1852329,Late Egyptian
Q18536071,Moluccans
Q18546266,N’Ko
Q18571895,Åsa
Q1860,English
Q18600381,Saudis
Q186192,Lithuanians
Q18690619,Kildin Saami
Q18690686,Lule Sámi people
Q18690772,Northern Sámi people
Q18691073,Ume Saami
Q1877660,Luritja
Q1877722,Lustenauer Dialekt
Q18791233,Мулкъой
Q187985,Tibetan people
Q1879910,Komi-Permyaks
Q188,German
Q188353,Welsh people
Q1886046,Lumbee
Q1886313,Macedonian Bulgarians
Q188779,Norwegians
Q1890682,Mannheim German
Q1891793,Moroccans
Q189248,GNU Bash
Q18973,Georgians
Q1898438,Masurians
Q189975,Inuit
Q190102,Linear B
Q190168,Yoruba people
Q190209,Kalmyks
Q1903204,Bushinengue
Q19109,Montenegrins
Q191322,Zenúes
Q191356,Icelanders
Q191710,Aleuts
Q191730,Evenki people
Q191923,mulatto
Q1921225,Afro Mexicans
Q192170,Prakrit
Q192604,Balkars
Q192616,Nogais
Q19261685,Asante
Q192647,Hutu
Q1929613,Pomo
Q193067,Tuvans
Q193092,Tutsi
Q19367052,Russisch: Wörterbuch Deutsch-Russisch
Q1937531,Tohono O'odham
Q1939219,Missouria
Q1940863,Miwok
Q1940883,Mixe people
Q1943269,Mokshas
Q1945786,Chinese Indonesians
Q1955201,Oji-Cree
Q1956640,Anishinaabe
Q19570975,Bangladeshi English
Q1959575,Teochew people
Q1960795,Norwegian immigration to New Zealand
Q19646253,Malaysian Tamil
Q19682167,pidgin or creole
Q1969828,Witoto people
Q1971400,Adhola
Q1972007,Barzani Kurds
Q1974818,Tewa people
Q1974839,Chinese Filipino
Q19748586,Palembang
Q1976251,Russians in Kazakhstan
Q1976275,Ukrainian Argentine
Q1976298,Ukrainian Canadians
Q1977290,Ukrainians in Russia
Q197936,Abenaki
Q1980644,Neuhessischer Regiolekt
Q19810526,Luo
Q19814,Romance languages
Q1982248,Biblical Hebrew
Q198333,Ewe
Q1983634,Odia people
Q19840821,Singaporeans
Q1984412,Ngāti Maniapoto
Q1984414,Ngāti Porou
Q1984427,Ngāti Raukawa
Q1984446,Ngāti Toa
Q19860,Indo-European
Q19869424,Aruban Americans
Q19875967,Muthi Muthi
Q19894851,Eastern Morocco Zenati
Q19898566,Tamil New Zealander
Q1990195,Italians of Romania
Q19903733,Cape Verdeans
Q1990676,Gabriel Corrado
Q1990745,Tuscan
Q1991779,Southern Altai
Q19921578,Moba
Q19927274,Melanesian Pidgin
Q19929702,Ukrainian Russian
Q1993509,Nisga’a people
Q1996477,Noongar people
Q1996554,Kashmiri Pandits
Q1997693,Northern Bohemian
Q1998595,Batak
Q20010146,Romani people in Abruzzo
Q200263,Parsi
Q2005,جافا سكريبت
Q20050777,Yemenite Jews in Israel
Q200569,Dutch
Q20063795,Hong Kong written Chinese
Q2006701,Northern Cheyenne Tribe
Q200885,Yazidis
Q2010089,Upper Lusatian dialect
Q201028,Khmer people
Q201111,Aromanians
Q201190,Palestinians
Q20122763,British Japanese
Q201501,Baloch
Q2016252,Middle Chinese
Q2017731,Chipilo Venetian dialect
Q201966,Ulster Scots
Q2025325,Romanians in Ukraine
Q202575,Fulbe people
Q202812,Beta Israel
Q203178,Kikuyu
Q2033181,White Latin Americans
Q2034200,Skokomish tribe
Q2034266,Squamish
Q2036691,Sara
Q20394601,Emirati Arabic
Q2039972,Monegasques
Q204333,Arab citizens of Israel
Q20438450,Serbs in Switzerland
Q2044560,Sylheti
Q2044587,San Andrés–Providencia Creole
Q2044917,Old Norman
Q2046097,Paez people
Q205006,Amis
Q2050339,Afro Caribbeans
Q20504733,broken English
Q205143,Australian Aboriginal languages
Q2053,HTML5
Q20581520,Luri
Q205979,Sogdian
Q2060531,Otaibah
Q2065086,Cushitic peoples
Q206642,Burgher people
Q207050,Buryats
Q2071535,Circassians in Israel
Q20736,Inuit–Yupik
Q20747504,Panamanians
Q2077307,Yamagata dialect
Q207996,Xhosa people
Q20817366,Albanians in Italy
Q208176,Morisco
Q20823624,languages of Kosovo
Q2085051,Tswa
Q208551,Laz people
Q2087633,Mpongwe people
Q2090757,Antwerpian
Q2091237,Moldavian diaspora
Q209148,Akimel O'odham
Q2092341,Izhma Komi
Q20923490,multiple languages
Q2093214,Finnish Kalo
Q209496,Alawites
Q20987630,Kurds in Iran
Q209959,Miao
Q21,England
Q210332,Haida people
Q210334,Cayuga people
Q2104642,Pa'O people
Q21057,Gwich’in
Q210623,Taíno people
Q21075296,Saxwe
Q21075551,Aromanians in Serbia
Q2107617,Flemish Sign Language
Q211018,Kumyks
Q21117,Central Alaskan Yup'ik
Q211248,Mayan hieroglyphs
Q2116909,Indo people
Q21200,Germanic languages
Q212106,Dinka people
Q2121371,Qalipu First Nation
Q2128953,Lower Yangtze Mandarin
Q213396,Wyandot people
Q213422,Seneca
Q2140968,Sardinians
Q2142357,Hawrami dialect
Q2143064,Kumeyaay people
Q2143071,Syrian Arabic
Q214361,Mari people
Q21483302,Amami Ōshima
Q215,Slovenia
Q21510972,Forslund
Q215264,East Flemish
Q21550769,medieval Italian
Q2159476,Lemko
Q216151,Vietnamese people
Q2164778,Naro
Q21661337,Qatari Arabic
Q217464,Daur people
Q217815,Nakhi people
Q219205,Hmong people
Q219995,Guanches
Q21999799,British Nigerian
Q22,Scotland
Q22083533,Isleta Puebloan
Q22088859,Pitcairn Islanders
Q2208940,Taishanese
Q22091539,Romani people in Australia
Q22098641,莒照小片
Q22101529,Taiwanese Classical Chinese
Q22132744,Gun people
Q2215114,Djerma
Q221585,Hungarian Brazilians
Q221839,Fatima
Q2219658,San Ildefonso Pueblo
Q222175,Cornish people
Q22282914,undetermined language
Q223179,Faroese
Q2251677,Quanzhou dialect
Q2253479,Black Africans
Q2254415,Italian Canadians
Q225469,Puyallup people
Q2257191,Italian Australians
Q22633,Germanic people
Q22639430,Afikpo
Q2265699,Romaniote Jews
Q22694891,Vlax Romani
Q227,Azerbaijan
Q22711,Pennsylvania German
Q2272094,Serbs in Austria
Q2278732,Sichuanese
Q22890,Ireland
Q22988248,Antillianen
Q2299931,Wayana people
Q2301077,Spanish language in the United States
Q23014,Palatinate German
Q2303719,Chinese Australians
Q2309630,Betsimisaraka people
Q2309935,Iranian Jews
Q231317,Zuni people
Q231452,Algonquin
Q2325516,Armenian Americans
Q2329815,Wiyot people
Q2330715,Mediterranean race
Q23444,white
Q23445,black
Q234963,Catalan countries
Q2350149,Banjar
Q2351472,Rauma dialect
Q235155,white people
Q23526,Slavic
Q2354653,Tamil Malaysians
Q2356431,Chibcha
Q2356912,Azerbaijanis in Ukraine
Q2361829,Konjo
Q236425,Papuan
Q2365041,Argentines
Q2372207,Ngambay
Q2374245,Valdôtain
Q237534,Austrians
Q2376604,Assyrians in Iraq
Q23828656,Tamazirt
Q2384959,Americans
Q23865399,Pidgin-English
Q2387354,Ukrainian Australians
Q2391532,Taiwanese Hakka
Q2392342,Gurung
Q2392686,Ho people
Q2393095,O'odham
Q239577,Ibibio people
Q24014808,Greeks in Crimea
Q2408653,Thai Chinese
Q2411063,Pero
Q241243,Provençal
Q241285,Shinnecock Nation
Q241696,Somalis
Q24189583,Yugambeh people
Q24189643,Irish New Zealanders
Q2422065,Chokwe
Q242485,Flemish people
Q24251468,Chumash people
Q2426319,Bagri
Q242648,Emilian–Romagnol
Q2426677,Iranian Azerbaijanis
Q2427065,Northern Thai people
Q2427512,Servitka Roma
Q2433338,Tiliku
Q2436423,Macedonians
Q244028,Kabarday
Q244157,Igbo people
Q244504,Catalans
Q2445129,Kubachi
Q2447438,Menominee
Q245507,Québécois
Q245794,Greek Cypriots
Q245807,Turkish Cypriots
Q245899,Cypriot Greek
Q2459298,Tugen people
Q2459831,Tunisians
Q2464565,Turkish Americans
Q2466704,Castrapo
Q2467559,Jarai people
Q24697413,Dagbon
Q24698175,Mamprugo Moaduri District
Q24750566,Kupang
Q2477983,Itsekiri people
Q2478711,Naxi
Q24841726,Putonghua
Q2486742,Kali'na people
Q248682,Zurich German
Q2487243,Siberian Yupik people
Q2490038,Savoyard
Q24906504,Kelantanese Malay people
Q2493912,Hebrew
Q24948368,Dakhini Muslims
Q249893,Qashqai people
Q2500871,Belarusian minority in Poland
Q25032372,Category:Dominican Republic people of African American descent
Q25039504,Spanish Filipino
Q25045392,Burmese in Thailand
Q2505231,Ukrainian Americans
Q25053578,Al-Masriyah
Q2509263,Kryashens
Q2509307,Aragonese Spanish
Q2509562,Turks of Romania
Q25105912,Ghanaian English
Q2511254,Yolŋu
Q2511476,Tày
Q2511850,Homshetsi
Q2513044,Burmese Hàn
Q25164,Nynorsk
Q25167,Bokmål
Q2518090,Peoria Tribe
Q2518802,Mnong people
Q2519308,Sarnámi Hindustáni
Q2519741,Lu people
Q2520137,Bora people
Q2520166,Macushi people
Q2520180,Tucano people
Q2520717,Ronga
Q2520785,Maxakali
Q2522479,Wapishana people
Q2522648,Surinamese people
Q2524014,Bajan Creole
Q25258,Faroese
Q2526737,Kapampangan people
Q25268,Afroasiatic
Q2527423,Ilocano
Q25285,Tatar
Q25289,Cornish
Q25293,Celtic languages
Q25295,language family
Q2530387,Taglish
Q25325,Frisian
Q2533493,Maidu
Q253410,Chuvash people
Q253436,Shawnee
Q25355,Greenlandic
Q2537324,Yawalapiti
Q25385188,Butchulla
Q253854,Classical Latin
Q25433,Low German
Q25442,Sorbian
Q25448,Berber
Q254607,Vogtländisch dialect
Q25473909,Iraqi Turkmen
Q25483486,Jewish people in Bulgaria
Q254950,Övdalian
Q25559314,Classical Mandaic
Q2556103,Pashtuns
Q255872,Ojibwe
Q25589681,Жетиген
Q256,Turkish
Q25618646,Rutoro
Q2562249,Khufi
Q2563726,Mam people
Q25659361,Te Hikutū
Q25659366,Te Uri Taniwha
Q25659458,Ngāti Pāhauwera
Q25659521,Ngāti Oneone
Q25659650,Ngāti Apakura
Q25659980,Ngāti Ngahere
Q2566194,Achuar people
Q2566598,religious
Q25682470,Soomaalilander
Q25714751,Minahasa
Q2574767,Kamba
Q258,South Africa
Q2580491,British Pakistanis
Q2584186,Iranian Armenians
Q2587830,Pardo Brazilians
Q2588045,Chinese Cambodians
Q2589229,Dutch Canadians
Q2590074,Armenians in Turkey
Q2590690,Sisseton Wahpeton Oyate
Q2591165,Pacahuara
Q2591175,Pintupi
Q2591193,Laragiya
Q2591243,Cholón
Q2591262,Kalau Lagau Ya
Q2592663,Guajajara
Q2593852,Turks in North Macedonia
Q25946,Inuit–Yupik–Unangan
Q259469,British Bangladeshi
Q2596080,Mising people
Q2597550,Jiao-Liao Mandarin
Q2597566,Rushani
Q2598589,Armenians in Russia
Q2600085,Osage
Q2600374,Thái people
Q2600390,Yi
Q2602505,Chinese New Zealanders
Q2604583,Wakhi people
Q2605053,Italian Jews
Q2605658,Magars
Q2605943,Mewati
Q2606511,Lebanese people
Q2608120,Thakur
Q26085464,Tongans
Q260942,Transylvanian Saxon
Q2615416,Portuguese Brazilians
Q2617404,AaBe
Q2618974,Nǁng
Q26236162,Okun
Q26240560,Mbaham-Matta
Q26245,Rusyn
Q262457,Métis
Q26261954,Languages of Yugoslavia
Q262828,Standard Taiwanese Mandarin
Q2631779,Serbs of Kosovo
Q2631909,Castilian Spanish
Q2640686,Angkola
Q2643509,Indian Americans
Q2655664,Arawak
Q2656122,Dom people
Q2657644,Afro-Chilean
Q2657969,Vietnamese Americans
Q2658204,British Chinese
Q265962,Krahn people
Q266263,Carinthian dialect
Q2663832,Nicaraguans
Q2664002,Jukun people
Q2665246,Torwali
Q2665734,Kaingang
Q26678452,Upper Harz Dialect
Q2668371,Brussels Dutch
Q2669199,Vlax Romani
Q2669229,Bahamian Creole
Q2669261,Austral
Q2671703,Armenians in Lebanon
Q2672789,Poitevin
Q267410,Pipil people
Q26746,Basic English
Q26764649,East Asians
Q26774,Shoshone
Q2681098,Nanjing dialect
Q26862,Hän people
Q2686890,Arab Mexican
Q26912310,Biblical Greek
Q2691385,Panamanian Spanish
Q26959141,Larbi
Q2696805,Dutch Australian
Q2701322,Osing
Q2704556,Atlantean
Q2708837,Matsés people
Q27106,Kalinago
Q2712961,Afro-Asians
Q27175,West Frisian
Q271790,Karen people
Q27183,Iñupiaq
Q2721227,Ona
Q2722871,British Asians
Q2727930,Tangut
Q2735880,Benasquese
Q2736556,Béarnese
Q2739548,Triestine
Q2741799,New York dialect
Q274356,Dargins
Q2743643,Ibibio
Q2744745,Guambiano
Q2745405,Alutiiq people
Q2746856,Souletin
Q27475,Athabaskan
Q27480,Eyak
Q275453,Bai people
Q27567,Abaza
Q276315,Karakalpaks
Q27683,Acehnese
Q276879,Korean Americans
Q2770,Tula
Q27758,Southern Athabaskan
Q277647,Luhya
Q27776,Adyghe
Q2779185,Old Occitan
Q27792,Tlingit
Q27796,Inuit
Q27808413,Tavringer Romani
Q27808515,Shipibo
Q27811,Afar
Q278944,Diaguitas
Q279117,Ticinese
Q2793139,Rukai
Q279350,Standard High German
Q279595,German Namibians
Q27968,English studies
Q27969,Ainu
Q27970,Yupik
Q279764,Carinthian Slovenes
Q28026,Akan
Q28058,Hupa
Q28064,Tagish
Q28092,Algonquin
Q28135416,Italian New Zealanders
Q281654,Boyash
Q28172443,British Punjabis
Q28176,Altai
Q28180816,Ngāti Korokī Kahukura
Q28180820,Ngāti Rehua
Q28180907,Te Tai Tokerau Māori
Q28185,Fering
Q28195536,Romanian Jews
Q28222011,Moroccan Belgians
Q28224,North Frisian
Q28224387,Kaiadilt people
Q28224574,Ngan'gimerri
Q2823170,Achuar
Q28244,Amharies
Q2826232,Portuguese Angola
Q2826241,Afro-Bolivians
Q2826286,Afro Ecuadorian
Q2828867,Ajië
Q2830787,Albanians in Serbia
Q2839602,Guambiano
Q28400,Bribri
Q28404066,Capiznon people
Q28406138,Woppaburra
Q28433,Ao
Q2849611,Cajun English
Q2849614,English language in Europe
Q2849617,Malaysian English
Q2849692,Anglo-Irish people
Q285828,Gibraltarian people
Q2859328,Bougiote Arabic
Q2859361,Iranian Arabs
Q2859372,Maghāribah
Q28602,Aramaic
Q2863017,Armenians in Canada
Q28648218,Southern Chinese
Q28666088,Romani people in Russia
Q28739968,Cuban
Q2879660,Culle
Q2886395,Basque Americans
Q288809,Efik people
Q28900199,Arabia
Q2891032,Toba Batak
Q2891045,Dairi Batak
Q2891054,Simalungun Batak
Q2893828,Ethiopian Jews in Israel
Q2894388,Belgian Americans
Q2895807,Benga people
Q29,Spain
Q2900057,Betawi people
Q290201,Toraja
Q29026959,British migration to Portugal
Q29035305,Ukrainians in Finland
Q2906632,Leshon Hakodesh
Q2911863,Israeli Sign Language
Q2913825,Nias
Q2917569,history of the Jews in New Zealand
Q2917968,Omaha–Ponca
Q2918061,Ethiopian
Q2919292,Hebronics
Q2919319,Ribagorzan Aragonese
Q2927799,Bukar Sadong
Q2931445,Venice city dialect
Q29316,Aromanian
Q2933374,Tiwi people
Q29347,Arvanitic
Q2935814,European Canadians
Q2935829,English Canadians
Q29363924,Escalante
Q2937525,Capisnon
Q294,Icelandic
Q29401,Assamese
Q29440,Assyrian Neo-Aramaic
Q2944443,Central Sierra Miwok
Q29467489,Zimbabwean New Zealanders
Q2947215,Chti
Q29474,Teso
Q294867,Arain
Q29507,Asturian
Q29525,Auslan
Q29540,Bavarian
Q29561,Avar
Q29572,Avestan
Q29579,Awadhi
Q2964008,Chibarwe
Q2964255,Chochenyo people
Q2964471,Chopi people
Q29705197,Warmian people
Q2972784,Armenian Argentine
Q2981620,Matsés
Q2982063,Pitjantjatjara
Q2983090,Kobaïan
Q298874,Austrian Silesia
Q2989348,Haitian Canadians
Q29919,Egyptian Arabic
Q29921,Inuktitut
Q2992857,Mewari
Q2993629,Urhobo people
Q2994901,Angolan Portuguese
Q29952,Erzya
Q2995285,White Brazilians
Q29960,Even
Q2996826,Venezuelans
Q2997267,Colombians
Q29977,Gaulish
Q2997993,Bessarabian Bulgarians
Q30,United States
Q30004,Evenki
Q30005,Ewe
Q30007,Extremaduran
Q3003133,Croatian Americans
Q300402,Fala
Q3006280,Guadeloupean Creole
Q3006281,Martinican Creole
Q30125,Tahltan
Q3015339,Danish Americans
Q3025624,Kebdana
Q30258193,Mescalero Apache Tribe
Q3026375,Greeks in France
Q3026382,Italian French
Q3026394,Serbian Canadians
Q30319,Silesian
Q3033547,Kakwa
Q3036435,Afro-Latin Americans
Q304049,Hunsrik
Q3041543,Rungus people
Q3042206,Mwani
Q30557664,Patua
Q3058369,Spanish language in the Americas
Q3059102,Gin people
Q3066236,Potiguara people
Q306626,Austrian German
Q30669868,Esco
Q30671991,Igarra
Q3070173,South Vanuatu
Q3070998,Romani people in North Macedonia
Q3072663,Finnish Americans
Q3075017,Black people in France
Q3077126,Fore
Q3082329,Franco-Mauritian
Q3082333,Franco-Albertan
Q3083194,French language in Ivory Coast
Q3083196,French of France
Q3083213,Louisiana French
Q3083226,Montreal French
Q3083227,French language in the Maghreb
Q3085289,wooden language
Q3087618,Fribourgeois
Q3088284,Afro-Argentines
Q30898,Gilbertese
Q3090608,Arab Brazilians
Q309197,Bretons
Q309381,Hlai people
Q3094841,Welsh Americans
Q3095513,Estación de Euskalduna
Q3100814,Spanish Sign Language
Q3101212,Mẽbêngôkre
Q310983,Malagasy people
Q3110592,written Chinese language
Q3111623,Gouin people
Q3111668,Gun
Q3111847,Miriwoong
Q3113756,Toba Qom
Q31150449,Akuapem
Q31174256,Bantenese
Q311762,Russians in Ukraine
Q311883,Maranao people
Q31190174,Turks in England
Q3120476,Ulster Scots
Q3120790,Gumbaynggirr
Q3120791,Dhuwal
Q3120839,Gandangara people
Q31230,Chechens
Q312574,Volga Germans
Q3125826,Hakata dialect
Q31274895,Estonians in New Zealand
Q313323,Volksdeutsche
Q3135234,Hidatsa
Q3135432,Yine
Q3136373,Hiroshima dialect
Q3138755,U'wa people
Q3139212,Hokkaido dialects
Q3149102,Italian migration to Brazil
Q3154488,Irish Australians
Q3154489,Irish Quebecers
Q3154490,Irish Canadians
Q3155516,Isoko people
Q3155865,Italie
Q3162806,Djaru
Q316390,Antigua
Q317044,Andalusi Romance
Q31746,Lezgian
Q3177352,Rodi
Q3181238,U'wa
Q318674,Oromo people
Q318806,Abenaki people
Q3193689,Kashaya
Q3196953,Nande
Q3197533,Kiswahili
Q3198191,Kociewiacy
Q31989,English-based creole languages
Q3199886,Krobo
Q32063,Middle Persian
Q320693,Lak people
Q321083,Coptic script
Q321090,German Brazilians
Q32145,Ripuarian
Q321535,Abitibiwinni First Nation
Q3217470,Lampungese
Q322083,Bamun people
Q32238,Dagbanli
Q322951,Cheyennes
Q32332,Dargwa
Q32360797,Russian Jews
Q3237695,Lebanese Canadians
Q32389,Zoroastrian Dari
Q3239800,indigenous
Q3241177,Rohingya
Q3241731,Gujari
Q324216,Austrian Americans
Q3242924,Palestinian Christians
Q3244184,Antiguan and Barbudan Creole
Q3244280,Black Britons
Q324516,Choctaw
Q3247924,Dominicans
Q3250286,Hakha–Chin
Q3261029,Nkole people
Q32641,Valencian
Q3264431,Black Loyalists
Q32656,Maldivian
Q3267254,Afro-Uruguayan
Q3267812,Portuguese Americans
Q3268147,Gora dialect
Q3268656,Egba people
Q32704,Venda
Q32706,Dioula
Q3270727,Kiga
Q32724,Venetian
Q327252,Erzgebirgisch
Q3272620,Nyakyusa
Q3272737,Lugbarati
Q327274,Swabian
Q32730,Dogri
Q3274441,Japanese Peruvians
Q32747,Veps
Q32762,Võro
Q3285432,Shandong dialect
Q32858,Votic
Q3287203,Cook Islands Maori people
Q32878,Dolgan
Q329030,Bergish dialects
Q32924,Bahnar
Q32934,Bissa
Q32952,Chakma
Q32956,Bété
Q3296011,Marúbo
Q32972,Comanche
Q32979,Choctaw
Q3298041,Ngan’gityemerri
Q32986,Bororo
Q3299468,Greek Brazilians
Q33000,British Sign Language
Q3300127,Lebanese Brazilians
Q33012,Karo Batak
Q330129,Franconian
Q33013,Duala
Q33014,Betawi
Q33016,Chaga
Q33017,Toba Batak
Q3303849,Syrian Americans
Q33044,Cocopah
Q33049,Balochi
Q33050,Dungan
Q33052,Bemba
Q3305477,Guyanese Creole
Q33060,Blackfoot
Q33070,Balinese
Q33077,Comorian
Q33081,Dzongkha
Q3308238,Barbadian British
Q3308526,General American English
Q3308808,Chiripá
Q33093,Basaa
Q3310017,Pakistanis
Q33111,Corsican
Q33120,Buryat
Q33123248,Blackfeet Nation
Q3312722,English language in England
Q3314452,indigenous peoples of Mexico
Q33146,Bantu
Q33151,Banjar
Q33158,Chhattisgarhi
Q33161,Chuukese
Q33170,Chukchi
Q33173,Chittagonian
Q331789,Crow Nation
Q33185,Bunjevac dialect
Q33190,Bugis
Q33202,Brahui
Q33219,Banyumasan
Q3322073,Argentine Sign Language
Q3322093,South African Sign Language
Q33223,Bodo
Q33225,Finnish Sign Language
Q33236,Chaldean Neo-Aramaic
Q33239,Cebuano
Q33243,Bambara
Q33251,Church Slavonic
Q33256,Bartangi
Q33260,French-based creole languages
Q33262,Chamorro
Q33265,Cheyenne
Q33268,Bhojpuri
Q33270,Ho
Q33273,Chewa
Q3327332,Arhuaco people
Q3327389,Alyawarr
Q33274,Shawiya
Q3327828,Mundari
Q33281,Chavacano
Q33282,German Sign Language
Q33284,Central Bikol
Q33287,Ga
Q33289,creole
Q33291,Fon
Q33295,Fijian
Q332976,Miskito people
Q33298,Filipino
Q33302,French Sign Language
Q33303,Haida
Q333049,Lakota people
Q3331271,Western Asturian
Q33315,Herero
Q3331917,Myene people
Q33339,Guinea-Bissau Creole
Q33348,Chuvash
Q3334987,Guatemalan Spanish
Q33350,Chechen
Q33357,Crimean Tatar
Q33363,Irula
Q33368,Luganda
Q3336808,Chickasaw Nation
Q33375,Hakka Chinese
Q33388,Cherokee
Q33390,Cree
Q33392,Algonquian
Q3339258,Ngadjuri people
Q33395,Gullah
Q33398,Hazaragi
Q33410,Haryanvi
Q33413,Malvi
Q33416,Kalasha
Q33417,Isan
Q33424,Iban
Q33441,Friulian
Q3344226,Northern Sierra Miwok
Q33450,Gen
Q33454,Fula
Q33457,Gagauz
Q33459,Garhwali
Q3345976,Ntomba people
Q33462,Inari Sami
Q33464,Kosraean
Q3346589,Nyanja people
Q33467,Mam
Q33475,Gan Chinese
Q33484,Fang
Q3349057,Pacific Islander Americans
Q33491,Haitian Creole
Q33500,Mandaic
Q33509,Ingush
Q33522,Kabardian
Q33527,Iranian
Q33531,Kodava
Q33535,Kru
Q33537,Lakota
Q33538,Syriac
Q33541,Karakalpak
Q33543,Mordvins
Q33549,Javanese
Q33552,Kashmiri
Q3355404,Argentine Brazilians
Q33557,Karelian
Q33559,Ingrian
Q33563,Khanty
Q33569,Hawaiian
Q33573,Kinyarwanda
Q33575,Khakas
Q33577,Indo-Aryan
Q33578,Igbo
Q33583,Kirundi
Q33584,Khasi
Q33587,Gikuyu
Q33597,Luvale
Q33599,Manyika
Q33601,Kaonde
Q33603,Gusii
Q33606,Ifè
Q33607,Lunda
Q33608,Jalaa
Q33614,Khoisan
Q33617,Hiri Motu
Q3361977,Khariboli
Q3362072,Digo
Q33623,Iroquoian languages
Q33624,Itelmen
Q33626,Harari
Q33628,Lozi
Q33630,Kusunda
Q33634,Kalmyk
Q33638,Manchu
Q33643,Makassar
Q33655,Nigerian Pidgin
Q3365567,Sarthois
Q33656,Kildin Sami
Q33657,Gilaki
Q33661,Mauritian Creole
Q33670660,African French
Q33672,Kalanga
Q33673,Kannada
Q33675,Nuer
Q33677,Páez
Q33678,Mandinka
Q33681,Mande
Q33690,Kashubian
Q33698,Livonian
Q33702,Kongo
Q33714,Karachay-Balkar
Q33715,Korku
Q33717,Maguindanao
Q33720,Karay-a
Q33725,Karaim
Q33728,Magahi
Q33730,Mapudungun
Q33738,Mayan
Q33739,Pothohari
Q337487,Rajput
Q33750,Mongolic
Q33754,Lombard
Q337565,Chakavian
Q3375652,Iranians in Iraq
Q33759,Mansi
Q337657,Mon-Khmer
Q33776,Palauan
Q33784,Soga
Q33792,Ibibio
Q33795,Senufo
Q33800,Maranao
Q33810,Odia
Q33813,Miao
Q33823,Nepali
Q33825,Pirahã
Q33831,pidgin
Q33838,Niger–Congo
Q33845,Neapolitan
Q33850,Norman
Q33856,Papiamento
Q33864,Oromo
Q33868,Meitei
Q33871,Nogai
Q33875,Ojibwe
Q33879,Pangasinan
Q33882,Makhuwa
Q33890,Northern Sotho
Q33900,Ndonga
Q33902,Saraiki
Q33930,Tehuelche
Q33938,Hausa people
Q3394291,Grecomans
Q33947,Northern Sami
Q33954,Sango
Q3395438,Polish Canadians
Q33965,Santali
Q33968,Ossetian
Q33973,Sicilian
Q3397587,ethnic Macedonians in Bulgaria
Q33976,Sardinian
Q33979,Newar
Q33989,Sranan Tongo
Q33990,Susu
Q33997,Sindhi
Q3399982,Kingdom of Spain
Q34,Sweden
Q34002,Sundanese
Q34004,Shona
Q34005,Samoyedic
Q3400713,Ser-Drama-Lagadin-Nevrokop dialect
Q34008,Selkup
Q34011,Samoan
Q34014,Swazi
Q34015,Seychellois Creole
Q34017,Seto
Q34024,Picard
Q34035,Tharu
Q34049,Semitic
Q340520,Aceh
Q34053,Shughni
Q34055,Tuvaluan
Q34057,Tagalog
Q340581,Acholi people
Q34065,Tuareg
Q34067,Svan
Q34069,Ashkenazi Jews
Q34075,Maore
Q34079,Tabasaran
Q34090,Turkic
Q3409224,Aromanians in North Macedonia
Q34094,Tongan
Q34097,Tokelauan
Q34101,Tonga
Q34108,Leonese
Q34114,Komi-Zyryan
Q34119,Tuvan
Q34124,Tigrinya
Q34125,Tetum
Q34128,Tahitian
Q34129,Tigre
Q34131,Tiv
Q34137,Tswana
Q34138,Tumbuka
Q34139,Shor
Q34142,Tausug
Q34147,Flemish Dutch
Q34152,Tashelhit
Q34159,Tok Pisin
Q34164,Yukaghir
Q34173,Luba-Kasai
Q34174,Tarifit
Q34186,Yazgulyam
Q34188,Yanomamis
Q34191,Yaqui
Q34198,Washo
Q34202,Yavapai
Q34203,Yaeyama
Q3420587,Bosniaks in North Macedonia
Q34208,Wakhi
Q34219,Walloon
Q34228,sign language
Q34233,Okinawan
Q34239,Konkani
Q34243,Yonaguni
Q34251,Tulu
Q34257,Wolof
Q34271,Tibetan
Q34279,Waray
Q3428765,Meo Rajput
Q34290,Wu Chinese
Q3429088,Rade
Q34299,Yakut
Q34311,Yoruba
Q34318,Talysh
Q34327,Tsonga
Q34340,Sesotho
Q34344,Yurok people
Q3436680,Bole
Q3436689,Brazilian Sign Language
Q3437230,Asháninka
Q3437616,Chopi
Q3438705,Ngamo
Q3438770,Karai-karai
Q3443139,rouergat
Q3443338,Ga–Dangme
Q3444016,Jordanian Arabic
Q3446643,Awak
Q3449805,South Azerbaijani
Q3450493,Wapishana
Q3450709,Yawalapiti
Q3450749,Rakhine
Q3450837,Malayan
Q34729,Ahanta
Q3474642,Sawa people
Q3476361,Scottish Americans
Q3476364,Scottish Australians
Q34770,language
Q34776,Adamaua-Fulfulde
Q3478238,Sumi
Q34794,Atsam
Q34831,Bono
Q34855,Bakaka
Q34862,Bangolan
Q3488894,Soga
Q34889,Bariba
Q34909,Old Icelandic
Q3491964,Sorkhei
Q34926,Acholi
Q3494730,Czech Brazilians
Q3498126,Czech Canadians
Q34992,Annobonese Creole
Q35013,Berom
Q3501932,Armenians in Cyprus
Q35022,Antillean Creole
Q3502234,Northern Khmer
Q35025,Old South Arabian
Q35028,Bulu
Q3503454,Nagamese Creole
Q35035,Adja
Q35037,Ndyuka
Q3504097,Moskitian Creole
Q3504147,Banda
Q35042,Bari
Q3504312,Paresí
Q35074,Cerma
Q3508898,Marubo people
Q3509835,Tabajara people
Q35100,Bouyei
Q3510313,Ijesha
Q35104,Ancash Quechua
Q35107,Baoulé
Q35110,Bube
Q35115,Kaqchikel
Q3511919,Koho
Q35123,Bussa
Q35132,Amis
Q35133,Old Frisian
Q3513610,Te Roroa
Q3513637,Iranian Persian
Q3513756,Haisla people
Q35141,Dangme
Q3514225,Croats in Argentina
Q35145,Ayacucho Quechua
Q35147,Cusco Quechua
Q3514796,Tojolabal people
Q35159,Dagaare
Q35164,Dendi
Q35170,Caddo
Q35172,Makonde
Q35176,Jola
Q35183,Deg
Q35217,Ardhamagadhi Prakrit
Q35218,Old High German
Q3521998,Chitpavan
Q35222,Old French
Q3522382,Vellalar
Q35224,Ido
Q35225,Old Persian
Q35228,Old East Slavic
Q35242,Deylami
Q35250,Ekajuk
Q35251,Guro
Q35254,Ekpeye
Q35257,Grebo
Q35267,Gonja
Q35268,Esan
Q35271,Ghomala'
Q35278,Khinalug
Q35285,Sikkimese Bhutia
Q35288,Pichinglis
Q35308,Old Irish
Q35317,Eton
Q35323,Arabs
Q35331,Farefare
Q35334,Futunan
Q35357,Burgenland Croatian
Q3535903,Tamil Canadians
Q35363,Ebira
Q35375,Edo
Q35377,Efik
Q35397,Budukh
Q35399,Ikwerre
Q35401,Jju
Q35403,Hyam
Q35406,Ika
Q35414,Isoko
Q3541834,Tucano
Q35420,Igede
Q3543292,Malaysian Malays
Q35447,Jukun Takum
Q35452,Bislama
Q35455,Bikol
Q35459,Ewondo
Q35474,Gourmanchéma
Q35475,Kabiye
Q3547774,Bisiac
Q35478,Idoma
Q35490,Garifuna
Q35497,Ancient Greek
Q35499,Old Church Slavonic
Q35501,Old Prussian
Q35505,Old Norse
Q35513,Igala
Q35518,Akkadian
Q35524,Yalunka
Q35533,Kaingang
Q3553469,Valaisan
Q35536,Q’eqchi’
Q35541,Cameroon Pidgin
Q35552,Kasem
Q35565,Tatars
Q35570,Fante
Q35571,Fuzhou dialect
Q35573,Teenek
Q35577,Huave
Q3558409,Vili
Q35601,Japanese Sign Language
Q35602,Hawaiian Pidgin
Q35613,Northern Ndebele
Q3562711,Karamanli Turkish
Q35639,Larteh
Q3565284,Wala
Q35660,Pannonian Rusyn
Q3566326,Tenino people
Q35664,Kambaata
Q35667,Ge'ez
Q35668,Hittite
Q35670,Lango
Q35671,Kriol
Q3567287,Cebuano people
Q35673,Kpelle
Q35674,Konkomba
Q35675,Kono
Q35696,Kissi
Q35697,Kalabari
Q35708,Kusaal
Q3571097,Xârâcùù
Q3571369,Valenciano alicantino
Q35722,Gothic
Q35726,Etruscan
Q3573453,Asturian people
Q35735,Gascon
Q3573554,Occitans
Q35737,Judaeo-Georgian
Q3573993,Hecho Aragonese
Q35744,Krio
Q35746,Kituba
Q35754,International Sign
Q35757,Láadan
Q35768,Catalan Sign Language
Q35772,Manding
Q35787,Maasai
Q35789,Mankanya
Q35793,Lumbu
Q35797,Longuda
Q35804,Mampruli
Q35824,Lomwe
Q35828,Chinantecan
Q35832,Myene
Q35850,Interlingue
Q35853,Kabyle
Q35876,Guarani
Q35878,Keresan
Q35885,Loma
Q35891,Kimbundu
Q35893,Luhya
Q35901,Ndumu
Q35923,Njebi
Q35929,Carian
Q35934,interlingua
Q35936,Ilocano
Q35938,Latino sine flexione
Q35939,Jamaican Patois
Q35947,Kokborok
Q35961,Katharevousa
Q35963,Cape Verdean Creole
Q35978,Hiligaynon
Q35981,Mündü
Q359882,Adnyamathanha
Q35990,Lepcha
Q35991,Kamas
Q359972,Basel German
Q36,Poland
Q36010,Moba
Q36016,Nda’nda’
Q36019,Medumba
Q36045,Itsekiri
Q36068,Nga'ka
Q36085,Nawdm
Q36094,Kanuri
Q36096,Mooré
Q36098,Lamba
Q36106,Ligurian
Q36109,Maithili
Q3610939,Singapore English
Q36121,Kapampangan
Q36126,Komi
Q36147,Mizo
Q36155,Coptic
Q36157,Luba-Katanga
Q36162,Koro
Q36163,Kurmanji
Q36180,writer
Q36186,Maninka
Q36196,Judaeo-Spanish
Q36202,Ladin
Q36206,Lak
Q36209,Kumyk
Q36212,Latgalian
Q36217,Lingala
Q36221,Maay-Maay language
Q36225,Mixean
Q36230,Mazatecan
Q36236,Malayalam
Q36239,New Zealand Sign Language
Q3624751,Asian Brazilians
Q3624831,Roma in Bulgaria
Q36257,Likpe
Q3626597,Phu Thai
Q36284,Serer
Q36286,Ngiemboon
Q36314,Papel
Q36337,Nzema
Q36350,Lojban
Q36355,Otomi
Q36363,Mixtec
Q36368,Kurdish
Q36387,medieval Greek
Q36392,Moldovan
Q36395,Middle English
Q36401,Punu
Q36407,Mbama
Q36411,Shipibo-Conibo people
Q36416,Poqomam
Q36432,Safaliba
Q36435,Pazeh-Kaxabu
Q36439,Ngbandi
Q36451,Māori
Q36452,Nenets
Q36459,Kombe
Q36464,Nivkh
Q36475,Nizaa
Q36489,Ovambo
Q36494,K’iche’
Q36495,Southern Min
Q36510,Modern Greek
Q36528,Teke
Q36531,Tem
Q36550,Tahltan people
Q365539,Black Canadians
Q36554,Pitkern
Q36556,Tai Nüa
Q36558,Swedish Sign Language
Q36583,Seri
Q36584,Livvi-Karelian
Q36612,Sherpa
Q36632,Nen
Q36637,Vagla
Q36644,Ebrié
Q36646,Tupuri
Q36648,Torres Strait Creole
Q36652,aljamiado
Q36653,Oscan
Q36656,Ter Sami
Q36660,Soninke
Q36663,Urhobo
Q36665,Palenquero
Q36688,South Picene
Q36692,Zhuang people
Q36708,Norn
Q36718,Shanghainese
Q36720,Nupe
Q36727,Pali
Q36730,Ottoman Turkish
Q36734,Phoenician
Q36745,Cook Islands Maori
Q36746,Rapa Nui
Q36747,Indigenous peoples of the Americas
Q36748,Pontic Greek
Q36754,Rotuman
Q3675526,Kurds of Central Anatolia
Q36759,Teochew
Q36762,Tojolab'al
Q36765,Demotic Egyptian
Q36778,Taiwanese Hokkien
Q36785,Southern Ndebele
Q36790,Sumerian
Q36803,Purépecha
Q36806,Southern Quechua
Q36807,Tarahumara
Q36808,Tzeltal
Q36809,Tzotzil
Q36811,Sorani
Q368125,Anglo-Indian people
Q36831,Chagatai
Q36846,Toki Pona
Q36850,Twi
Q3685627,Franco-Seychellois
Q36867,Udi
Q36868,Tlapanec
Q36895,Wali
Q36902,Yao
Q36928,Ugaritic
Q36931,Ubykh
Q36935,Wamey
Q36939,Vai
Q36941,Tz’utujil
Q36943,Wolayttattuwa
Q369497,Armenians in Istanbul
Q36957,Umbrian
Q36960,Wanka Quechua
Q3696210,Harakmbut people
Q369739,Ukrainians of Romania
Q36979,Wallisian
Q36983,Umbundu
Q36986,Volapük
Q36990,Zarma
Q37007,Zaghawa
Q37014,Yupik peoples
Q37015,Riksmål
Q37019,Carpathian Rusyn
Q37029,Tocharian
Q37041,Classical Chinese
Q37043933,Engst
Q370543,Ngarrindjeri
Q37059,Bishnupriya Manipuri
Q3706545,dialects of Apulia
Q3706560,Ascolano
Q3706581,Dialects of Campagna and Marittima
Q3706597,Gardenese dialect
Q3706606,Locrian Greek
Q3706616,Molisan
Q3706660,Dialet verceles
Q3707477,Filipino Australians
Q37115095,Chadima
Q371230,Ngāi Tahu
Q37155102,Onofre
Q371762,Yenish people
Q37300,Gallo
Q3732778,Esan people
Q37351,Oïl
Q3739441,saamia
Q3740241,Masaba
Q374277,Yolŋu people
Q37478952,Hindi
Q37510649,Ghareeb
Q3751098,French Brazilian
Q3752558,Basque Argentines
Q37551484,Tiv
Q37551648,Kuy
Q37560,Vulgar Latin
Q375619,Italian Sign Language
Q3756705,Connacht Irish
Q375785,Germans of Kazakhstan
Q377085,Assyrians
Q37733,Judeo-Arabic
Q3777727,Irish Argentine
Q3778014,Munster Irish
Q37845,Altaic
Q379636,Torres Strait Islanders
Q38,Italy
Q3802476,Appalachian English
Q3804346,Italians in the United Kingdom
Q3804354,Italian Eritreans
Q3804367,Italian Peruvian
Q381151,Walloon people
Q3812650,Finnish Kale
Q3813824,Sault Tribe of Chippewa Indians
Q3816974,Crenaques
Q382273,Hindko
Q3826985,Papiamento of Aruba
Q383203,Afghans in Germany
Q3832970,Tewe
Q383946,Lao people
Q3846528,Singaporean Hokkien
Q384707,Afrihili
Q3847372,Ivatan people
Q3850712,Mashco-Piro people
Q385799,Afrikaners
Q385967,African diaspora
Q387066,Swiss German
Q387073,Tzotzil people
Q3878266,Nonuya
Q388101,Anglo-Celtic Australians
Q388264,Blackfoot Confederacy
Q388315,African Brazilians
Q388449,Afro-Colombians
Q388467,Afro-Cuban
Q39,Switzerland
Q39054502,Tongan New Zealanders
Q3906610,Central Alaskan Yup'ik people
Q3906614,Meadow Mari
Q3908400,North Germanic peoples
Q39086965,South Asian Americans
Q39088263,Wotjobaluk people
Q39088282,Yuwaalaraay
Q39088778,Ngarinjin
Q39090749,Birrbay
Q39090920,Bibulman
Q39091101,Wajarri
Q3912765,Tyap
Q3913286,Mano
Q3913767,Warndarang
Q3913770,Kayardild
Q3913823,Warlmanpa
Q3913840,Wiradjuri
Q3914402,Ikom
Q3914409,Khana
Q3914412,Godié
Q3914415,Waja
Q3914420,Gyong
Q3914436,Dadiya
Q3914879,Kamo
Q3914907,Tula
Q3914920,Yala
Q3914953,Tarok
Q3915194,Polish Sign Language
Q3915357,Pular
Q3915366,Luo
Q3915386,Sapo
Q3915508,Peruvian Sign Language
Q3915654,Munichi
Q3915848,Yekhee
Q3916714,Romanian Americans
Q3918996,Belarusian Americans
Q3920817,Russians in Bulgaria
Q392316,First Nations
Q39241250,Korean Japanese
Q39248487,Langø
Q3940400,Romani people in Italy
Q394067,European people
Q39615,Krashovani
Q397,Latin
Q397297,Iranians
Q3976616,Sudanese
Q397948,Aguaruna people
Q3981009,Tapuio
Q4000968,Tuxa
Q401,cuneiform
Q4021876,Xukuru-Kariri
Q402913,Bengalis
Q403034,Idoma people
Q403092,Ebira people
Q403656,Baganda
Q40477,Slavs
Q40554819,Sicilians
Q4057928,Adhola people
Q4058280,Azerbaijanis in Russia
Q4058325,Asian people
Q4060275,Aqusha dialect
Q4065203,English Australians
Q4068780,Aargauian
Q4069698,Armenians in Tbilisi
Q4069701,Armenians in Ukraine
Q4071454,Assyrian language
Q4075226,dialect of Basel-Landschaft
Q408,Australia
Q4115170,British Indians
Q4115389,Druze in Israel
Q4115412,Dezfuli
Q4115525,Palestinians in the United States
Q4115738,Persians in Bahrain
Q4117143,Lebanese Argentines
Q41201692,Tongans
Q4120990,Indian South Africans
Q4131845,Católica
Q4144673,Mountain Mari
Q41477,Bubi people
Q415054,Acadians
Q415109,Acadian French
Q415693,Akan people
Q4161004,Ōita dialect
Q4161006,Mino dialect
Q4161011,Saga dialect
Q4172847,Filipinos
Q4180871,Memoni
Q418708,Telugu people
Q41975,Mongols
Q4200688,indigenous language of North America
Q4200801,Indian Australian
Q4200853,Indonesians
Q420651,Kposo people
Q4207412,Terengganu Malay
Q4208067,Kazakhs in Uzbekistan
Q4209424,Kalinga people
Q4218075,Kashgars
Q4221193,Kyrgyz in China
Q42365,Old English
Q42406,English people
Q4256383,Indonesian Americans
Q4262343,Melanau people
Q4264884,Kutai
Q4269361,Greek Australians
Q427036,Tigray people
Q4272184,Luxembourgish Americans
Q42740,Han Chinese people
Q427614,Limousin
Q427838,Kadazan-Dusun
Q4281200,Margi people
Q428575,Yaqui people
Q42884,Germans
Q42913882,Taiwanese Japanese
Q429908,Benue State
Q429921,rarámuri
Q430047,Central American Spanish
Q4300644,Eel River Athapaskan peoples
Q43012926,Langston
Q430396,Surzhyk
Q43103,European Americans
Q431164,Arab-Christians
Q432,Islam
Q432324,Pataxó
Q43296435,Ecuadorians
Q4336506,Orcadian
Q434697,Old Azeri
Q4356656,Latvian Americans
Q4357542,Bolivians
Q4357573,Rotuman people
Q4358289,Eastern Huasteca Nahuatl
Q4359289,Peruvians
Q4373398,Mozambican Portuguese
Q4380827,Mandarin with Taiwanese Hokkien accent
Q4386404,Louisiana Creole people
Q4387218,Rajasthani people
Q4400023,Mariupolitan Greek
Q4400579,Russians in Belarus
Q4400590,Russian Canadians
Q4403372,Russian Sámi people
Q4416722,Serbs in the United Kingdom
Q4418370,Siberians
Q44268,Moravian
Q4438498,Middle Armenian
Q444397,Mdewakanton
Q4444914,Kuy people
Q4449695,Tajik people in Russia
Q4450068,Thai Americans
Q445618,Banat Swabians
Q4459562,Tokyo dialect
Q44614,Taiwanese Americans
Q4461794,Trakai Karaim
Q44661,New Zealand English
Q4466166,Iranian Turkmen
Q44676,Canadian English
Q44679,Australian English
Q4468164,Cho Ro people
Q4470682,Ukrainians in the United Kingdom
Q4470683,Ukrainians in Kazakhstan
Q447117,Old Egyptian
Q4477330,Uruguayan Spanish
Q44806,Ukrainians
Q4483033,Fernandino peoples
Q4494885,Karakhanid
Q44949,Bukharan Jews
Q4498550,Chin Haw
Q450013,Thuringian dialect
Q45009,Purepecha
Q450252,Alyawarre
Q45232,history of the Jews in Finland
Q45315,Berbers
Q4533136,Etsako people
Q45594,greeting
Q457341,Asante
Q45843,Kurds in Germany
Q45914,Maya people
Q459387,Khoisan
Q46118,Uyghurs
Q461282,Yi people
Q4624,Kölsch
Q4627,Aymara
Q464237,Amhara people
Q46429,Guaraní people
Q46441,Cascading Style Sheets
Q464529,Rohingya
Q46531,Mazanderani people
Q466395,Hungarian diaspora
Q4664632,Abdal people
Q4670066,Tamasheq
Q4688840,Afemai
Q4689053,Afghan Americans
Q4689218,Afghans in India
Q4689221,Afghans in Iran
Q4689224,Afghans in the Netherlands
Q4690173,Afro-Costa Rican
Q4690175,Afro-Descendant
Q4690190,Afro-Nicaraguan
Q4690191,Afro-Paraguayans
Q4690193,Afro-Portuguese
Q4690194,Afro-Panamanians
Q4690199,Afro-Spaniard
Q4690200,Afro Trinidadians and Tobagonians
Q4690221,Afro-Venezuelans
Q4699526,Achomi
Q470003,Poles in Germany
Q47007528,Lovari Romani
Q4701277,Luri
Q47012824,Samish
Q4701435,Aklanon people
Q47015522,Nyoro-Tooro
Q4709467,Albay Bikol
Q4713742,Hmong Americans
Q47218,Ukrainka
Q47246,Erzya people
Q472834,Thai people
Q47289751,Vong
Q474202,Seminole
Q4745639,Americans in Japan
Q4745649,Americans in the United Kingdom
Q47494,Roncalese
Q47607,வினவல் அமைப்பு மொழி
Q476393,Murut people
Q4763995,Anguillian Creole
Q4770873,Dene
Q47740,Muslim
Q4775051,Antiochian Greeks
Q47805,Cossacks
Q4780828,Appalachian American
Q478289,Jews in Hungary
Q4783159,Arab Canadians
Q4783216,Arab Muslims
Q4789371,Argentine Americans
Q4793155,Armenian Australian
Q4793316,Armenians in Bulgaria
Q4793323,Armenians in Iraq
Q479977,Hungarians in Germany
Q4808552,Assateague people
Q4810479,Assyrians in Iran
Q4811101,Inuvialuit
Q481161,Italians in Germany
Q48199,Sámi people
Q4823807,Australian Americans
Q4824348,Australian Jews
Q4824499,Australian New Zealanders
Q4825260,Australians in the United Kingdom
Q4825465,Austrian Australians
Q482942,Azerbaijanis
Q483047,Uzbeks
Q483505,Tajiks
Q483569,Belarusians
Q484206,Persians
Q4842385,Bahamian Americans
Q4842404,Bahamians
Q484464,Koreans
Q484472,Turkmens
Q484479,Kyrgyz people
Q485010,Ingush people
Q4850731,Balete people
Q485150,Romanians
Q4852444,Baloch of Iran
Q485348,Bashkir people
Q4855425,Bangladeshi Americans
Q4855428,Bangladeshis
Q4858560,Barbadian Americans
Q4858564,Barbadian Canadians
Q4858580,Barbadians
Q486316,Yakuts
Q4867856,Basque Uruguayans
Q4868610,Batangas Tagalog
Q48726740,Bangali
Q48729439,Eritreans in Norway
Q48744198,Suruga dialect
Q48767245,African American English
Q48767841,Bundjalung
Q48769238,Gunwinggu
Q487796,Moldovans
Q48790436,Muruwari
Q487930,Hamburgisch dialect
Q4879371,Bedouin Arabic
Q48797661,Bailgu
Q48815936,Wirangu
Q48816328,Yugoslav Canadians
Q48818098,Kukatja
Q4882454,Belgian Canadians
Q4882995,Belizean Americans
Q4882997,Belizean Creole people
Q488326,South Kivu
Q488615,Hessian
Q4887673,Bengali American
Q4887679,Bengali Hindus
Q48897247,Minqing dialect
Q4892725,Bermudian English
Q489691,Masurian
Q489811,Andalusian Spanish
Q48988906,Moroccans in Norway
Q489924,Kaska people
Q49078,White Americans
Q49085,African Americans
Q491706,Atikamekw people
Q491709,Spokane
Q491755,Coeur d'Alene people
Q492088,Andean Spanish
Q49209,Javanese
Q4920978,Black Hispanic and Latino Americans
Q4921389,Black Nova Scotians
Q49228,Austronesian
Q492468,Russians
Q4925684,Kedah-Perak-Perlis-Penang Malay
Q492893,South Jutlandic
Q49297,Native Americans in the United States
Q4934549,Bobai dialect
Q4938201,Boholano people
Q4938422,Bois Forte Band of Chippewa
Q494355,East Frisian
Q494699,Coushatta
Q4947399,Bosnian Canadians
Q494924,Russky Island
Q49540,Latvians
Q49542,Russians
Q495751,Mi’kmaw
Q4958328,Bravanese
Q4958704,Brazilian Americans
Q4958712,Brazilian Canadians
Q4958944,Brazilians in the United Kingdom
Q4958951,Brazilians of Spanish descent
Q4969441,British Americans
Q4969468,Armenians in the United Kingdom
Q4970168,British Iraqis
Q4970177,British Jamaicans
Q4970350,British Moroccans
Q4971328,British diaspora
Q49741,Central Atlas Tamazight
Q497568,Innu people
Q497778,Berlin German
Q4978967,Bruneian Malays
Q498640,Creole
Q4988656,Maronites
Q4989843,Warlpiri people
Q499083,renaissance Latin
Q4996183,Bulgarian Americans
Q4996189,Bulgarian Canadians
Q50001,Italians
Q5017997,Cajonos Zapotec
Q501837,Mizrahi Jews
Q5025138,Cambodian Americans
Q5026440,Cameroonian English
Q5029681,Canadian Americans
Q5030922,Canadians in the United Kingdom
Q5030927,Syrian Canadians
Q5030929,German Canadians
Q503333,Hidatsa people
Q5035141,Cape Verdean Portuguese
Q503906,Moselle Franconian
Q503963,Bamar
Q504685,Bambara
Q504912,Tuscarora Nation
Q505198,Songhay
Q505674,Middle Low German
Q5061915,Central Tibetan
Q506588,Attic Greek
Q5072718,Chaná
Q508194,Lurs
Q508292,Afro-Peruvian
Q508332,Burgundian
Q50868,Egyptian
Q509276,Zoque people
Q509590,Corsicans
Q509780,Rioplatense Spanish
Q5098727,Chilean Canadians
Q510023,Paiute people
Q510032,Gros Ventre people
Q510048,Mandan
Q5100672,Chinese Trinidadians and Tobagonians
Q5101691,Chippewas of Nawash Unceded First Nation
Q5103726,Choctaw Nation of Oklahoma
Q510561,Franc-Comtois
Q510730,Bolivian Spanish
Q511035,Lorraine Franconian
Q5111,Abkhaz
Q5118412,Chuwabu
Q512355,Tzeltal people
Q5137,Gujarati
Q514123,Poitevin-Saintongeais
Q5146,Portuguese
Q5147921,Colombian Americans
Q515593,Rhaeto-Romance
Q516721,Jilu Mandarin
Q51705,Muscogee
Q5171801,Cornish Americans
Q51739,Indigenous languages of the Americas
Q5174904,Costa Rican Spanish
Q5174946,Costa Ricans
Q518188,Czech Americans
Q518365,Hungarians in Romania
Q5184219,Creoles of color
Q5187093,Croatian Australians
Q5187097,Croatian Canadians
Q5187242,Croats of Russia
Q5201739,Czech Australians
Q5201829,Czechs in the United Kingdom
Q520272,Coastal Colombian Spanish
Q520663,Germans of Hungary
Q5218,Quechua
Q5222637,Dargin
Q5228174,Davawenyo
Q523014,Muscogee
Q5232952,Taíno
Q523823,Lendu
Q52396379,Effutu
Q527141,Portuguese Venezuelan
Q5275260,Diffa Arabs
Q5285351,Djinba
Q5287,Japanese
Q528981,Ijaw people
Q5290725,Dominican Americans
Q529921,Tangale
Q530384,Dakota
Q5317460,Dutch people in the United Kingdom
Q531826,Yaghan
Q5330004,Eastern Band of Cherokee Indians
Q533109,Gottscheerish
Q533312,Koreans in Japan
Q5348373,Egyptian Americans
Q5348386,Egyptian Canadians
Q53604401,Benni
Q536116,Odawa
Q536129,Tlingit
Q5363631,Ticuna peoples
Q5372139,Nonuya
Q537784,Nuu-chah-nulth people
Q5378198,English Brazilians
Q538636,Ankole
Q539051,Greeks
Q54003999,British English: Received Pronunciation
Q5401529,Estonian Americans
Q5403534,Ethiopian Americans
Q5408188,Somali American
Q5410194,Welsh New Zealanders
Q541421,Saulteaux
Q5414796,Dholuo
Q5419075,Ewondo Populaire
Q543386,Oglala Lakota
Q5448582,Filipino Canadians
Q5448600,Filipino New Zealanders
Q5448601,Filipino Italian
Q5448617,Filipino mestizos
Q545115,Albanians in North Macedonia
Q5472034,Fort Sill Apache Tribe of Oklahoma
Q547462,Milanese
Q547748,Cahuilla people
Q5501667,French-speaking Quebecer
Q5501705,French-Canadian Americans
Q5501859,French New Zealander
Q5516174,Gacería
Q55218915,Dongolawi
Q55379913,Fa d'Ambu
Q5547994,Georgian Americans
Q55528297,Acholi
Q5555460,Ghanaian Americans
Q5555465,Ghanaian Pidgin English
Q55614727,Iwaidja people
Q55616272,Luritja
Q55663056,Waja
Q55664307,Tangale
Q5566979,Glasgow patter
Q55678442,Agworok people
Q557936,Anmatyerre
Q55840176,naturalized Japanese citizens of Korean origin
Q5601752,Greek Canadians
Q5602105,Greeks in Turkey
Q5607404,Grenadians
Q5607427,Grenadians in the United Kingdom
Q561041,German diaspora
Q56120020,Kampar
Q5614258,Guatemalan Americans
Q5618486,Gunai
Q5619893,Gurbeti
Q5621973,Guugu Yalandji
Q5622783,Guyanese Americans
Q56231,Hassaniya Arabic
Q56232,Iraqi Arabic
Q5623559,Gwere
Q56239,Bade
Q56240,Tunisian Arabic
Q56241,Margi
Q56260538,Neapolitan dialect
Q56267,Tera
Q56271585,Tokelauan people
Q56274,Bacama
Q56310,Kuy
Q56312,Marwari
Q56318,Komi-Permyak
Q56319,Tundra Yukaghir
Q56322,Lule Sami
Q56326,Karamojong
Q56339,Kipsigis
Q56368,Vaiphei
Q5637049,Hachijō dialects
Q56385,Gulf Arabic
Q5638664,Cordobés Spanish
Q56393,Ryukyuan
Q5639387,Hainan people
Q5639720,Haitian Americans
Q56415,Ume Sami
Q56417,Arapaho
Q56418,Spanglish
Q56421,Hopi
Q56422,Monégasque
Q56426,Moroccan Arabic
Q56428,Guernésiais
Q56430,Jèrriais
Q56433,Goidelic
Q56436,Nüshu
Q56440,Adi
Q56445,Sabiny
Q56463,Sámi
Q56466,Dinka
Q56467,Modern Standard Arabic
Q56469,Bukharian
Q56474,Viennese German
Q56475,Hausa
Q5648144,Hangzhou dialect
Q56482,Shan
Q56483,Laki
Q56487,Kutchi language
Q56489,Tat
Q56492,Tewa
Q56495,Judeo-Tat
Q56499,Algerian Arabic
Q56502,Samaritan Hebrew
Q56503,Libyan Arabic
Q56505,Bunun
Q56507,Alur
Q56508,Southern Thai
Q56510,Mojave
Q565110,Northern Thai
Q56513,Wichita
Q56516,Hani
Q56536,Samburu
Q56544,Kawésqar
Q56546,Huizhou Chinese
Q56552,Bura
Q56556,Aringa
Q56573,Sudanese Arabic
Q56574,Najdi Arabic
Q56583,Pu-Xian Min
Q56585,Mescalero
Q56587,Feylis
Q56590,Atikamekw
Q56592,Saʽidi Arabic
Q56593,Levantine Arabic
Q56595,Judeo-Moroccan
Q56596,Judeo-Yemeni Arabic
Q56597,Judeo-Tunisian Arabic
Q56599,Judeo-Iraqi Arabic
Q56608,Hijazi Arabic
Q56612,Samaritan Aramaic
Q56619,Tunica
Q56630,Omani Arabic
Q56631,Kiowa
Q56634,Ayoreo
Q56636,Karata-Tukita
Q56649449,Latin American Spanish
Q56664,Dimasa
Q566785,Serbs in Germany
Q56696,Swampy Cree
Q56699,Plains Cree
Q56703,Tamahaq
Q56728,Isthmus Zapotec
Q56729,Mayo
Q56751,Pawnee
Q56756,Caddo
Q56769,Jiiddu
Q56782,Angevin
Q56856,Keiyo
Q56885,Tiriyó
Q569237,Huilliche people
Q56932,Kalenjin people
Q56948,Palestinian Arabic
Q56959,Oirat
Q56975,Arbëreshë
Q57026211,Huaren
Q570450,Telugu
Q571942,Russian Mennonite
Q572665,Kanuri people
Q57303453,Mikó
Q577055,Sahrawi people
Q577576,Sotho people
Q579080,Iranian Georgians
Q579104,Korean Australians
Q579597,Narungga
Q5799878,Kurds in Sweden
Q58037263,Bassa
Q580659,Yaghan people
Q581921,Mexican Americans
Q582779,Sikh
Q5840034,Paisa dialect
Q5840049,Honduran Spanish
Q58427006,Mvog-Betsi
Q584983,Rangi
Q58525648,Brazilian japanese
Q58528268,Chinese Japanese
Q58538465,Russian Japanese
Q58635,Punjabi
Q58669,Hispanic and Latino Americans
Q58680,Pashto
Q588306,Cretan Greek
Q58843,Tuareg Amazighs
Q5885,Tamil
Q588574,Tujia people
Q58894654,American Japanese
Q5892930,Honduran Americans
Q5894222,Hong Kong Americans
Q5894342,Hong Kong Cantonese
Q59,PHP
Q5908753,Wayana
Q5916393,Czech Mexicans
Q5916636,Romanian Argentines
Q592821,Dagbamba
Q5948733,Wasco
Q5963539,Shirazi
Q597203,Indios manaós
Q5983728,Ibaraki dialect
Q598406,Ohlone people
Q5984065,Ibinda
Q5985756,Icelandic Canadians
Q60046,Nivkh people
Q6013982,Manush
Q601920,Banu Sahm
Q6021113,Indian New Zealander
Q6022567,Indian Mexicans
Q6024095,Indians in Kenya
Q6024146,Indian Singaporeans
Q6025447,Indo Caribbeans
Q6025584,Indo-Trinidadians and Tobagonians
Q602700,Hungarians in Slovakia
Q60297486,Inglés
Q603188,Ecuadorian Spanish
Q603200,Jamaican English
Q6034885,indigenous peoples in Suriname
Q604606,Pazeh people
Q605843,Friulians
Q6060176,Papiamento of curaçao
Q606616,mercheros
Q6067315,Iranian New Zealander
Q6067528,Iranians in Pakistan
Q6067976,Iraqi Canadians
Q6071699,Irish people in Japan
Q607558,Yanesha people
Q6078806,Isan people
Q60788702,Mununjali clan
Q6084310,Canarian Americans
Q6092933,Italian Scots
Q6094333,Bolivian Quechua
Q60978058,Jews in Poland
Q609817,Blissymbols
Q6099572,Ivorian Americans
Q60999418,Belgian Brazilians
Q61053330,Standard Algerian Berber
Q6105755,Alaskan Athabaskans
Q6112239,British Turks
Q612220,Gallurese
Q6122670,Māori
Q61256336,Beninese
Q6127409,Jamaican Americans
Q6127413,Jamaican Canadians
Q6127469,Jamaicans
Q6127476,African Jamaican
Q612976,Pare people
Q61361124,South Koreans
Q6144345,Southern American English
Q6158123,Australian people of Japanese descents
Q6158127,Japanese Bolivians
Q6158764,Japanese people in Hawaii
Q615948,Jewish languages
Q616620,Mexican Spanish
Q617291,Shuar
Q617315,Calabrian
Q617376,Apalachicola people
Q617614,Derung people
Q618073,Desano
Q619481,Tsou people
Q6202017,Jinan dialect
Q622728,Chickasaw
Q623215,Mixtec people
Q623783,Kusunda people
Q62414349,Birwa
Q625438,Rakhine
Q626136,Arapaho people
Q626753,Arawakan
Q627313,Mordvinic
Q6277223,Jordanian Americans
Q627897,Ga-Adangbe people
Q628490,Mountain Jews
Q63075063,Ukrainian Jews
Q63283489,Kituba (Democratic Republic of Congo)
Q633375,Karo Batak pople
Q63386746,Fort Belknap Indian Community of the Fort Belknap Reservation of Montana
Q6346637,Kagoro
Q6359692,Kamrupi
Q63644921,Spanish and English galleons foundering in stormy waters with figures watching on from a rocky coastline with a Spanish fortress beyond
Q637228,Kalenjin
Q6378899,Kaurna
Q637909,Mon people
Q637979,Swiss Americans
Q6385445,Kelabit
Q6392846,Kenyan Americans
Q640090,Kongo people
Q640605,Yamato people
Q641394,Nafana people
Q6417868,Kitara
Q6429271,Kongu Vellalar
Q6431801,Korean Brazilians
Q6433240,Sambalpuri
Q64368221,Bedouin of the Negeb
Q6442586,Kuku Yalanji people
Q6445737,Kurdish Americans
Q6445968,Kuria
Q6448936,Kuwaiti Arabic
Q646536,Mid-Atlantic accent
Q64685786,Prudnik Silesian dialect
Q6474876,Lake Babine Nation
Q648255,Kabyle people
Q6488006,Laotian Americans
Q6501380,Chinese people
Q6510834,Lebanese
Q6510842,Lebanese Americans
Q65133318,Croats in France
Q652,Italian
Q65205135,Pontianak Malays
Q65205274,Chinese people in the Land of Valencia
Q65217023,Euskera
Q65284340,Upadhyay
Q6536321,Old Ukrainian
Q6541114,Liberian Americans
Q65426440,Sepedi
Q6542849,Libyan Americans
Q65442722,Zezuru
Q65445048,Muganda
Q657993,Yemenite Jews
Q6583558,Thadou
Q6583562,Maleng
Q659307,Jicarilla Apache
Q65967295,Whites
Q660947,Hakka people
Q663389,Sudeten Germans
Q6648515,Lithuanians in the United Kingdom
Q6654,Croatian
Q665624,Hiberno-English
Q6676063,Indians in Thailand
Q668366,Mycenaean Greek
Q6693645,Lower Muskogee Creek Tribe
Q6694268,Loxicha Zapotec
Q669431,Dakhanī
Q67005943,black people
Q67080260,Wukchumni
Q672147,Swiss Italian
Q672268,Basa people
Q6723108,Macedonian Americans
Q672394,Turks in Austria
Q6730438,Maghrebi Jews
Q673161,Bouyei people
Q6733460,Mahasu Pahari
Q6741539,Indonesian Malays
Q6741676,Singaporean Malays
Q6741944,Malaysian Canadians
Q6744780,Maltese Australians
Q6747578,Mancunian
Q6747710,Mandaeans
Q6750551,Mankon
Q6772330,Maronites in Israel
Q678551,American Jews
Q679524,Pontic Greeks
Q6805114,Medan Hokkien
Q680517,Walser German
Q68182427,Red Yao
Q682079,Sundanese people
Q6826131,Mexicans in the United Kingdom
Q6826136,white Mexicans
Q682721,Osun State
Q682808,Assiniboine people
Q683045,Armenians in Syria
Q6841639,Middle Turkic
Q6842305,Midland American English
Q68518,Iroquois
Q686949,Cajun
Q687264,Ostschweizer Dialekte
Q6878624,Mission Indians
Q688348,Sursilvan
Q6888858,Modern Scots
Q6889284,Modh
Q689533,Romansh people
Q6897407,Momogun
Q6899636,Mongolian Americans
Q690126,Livonians
Q690216,Surmiran
Q690226,Vallader
Q690869,Ruthenians
Q691037,Busoga
Q6913086,Moroccan Dutch
Q6913088,Moroccan Americans
Q6913100,Moroccan Canadians
Q69257059,Sunda
Q69273607,"July 23, 1939"
Q69291843,"May 2, 1974"
Q6931573,Mudbura
Q6935055,multiracial Americans
Q6940348,Muscogee (Creek) Nation
Q6949925,Druze Arabic
Q6950626,Australian Māoris
Q695067,Colville tribe
Q695526,Tarantino
Q695740,Mulgi
Q6981120,Ngāi Te Rangi
Q698855,Carpathian Germans
Q6991742,Neo-Mandaic
Q699284,Upper Saxon
Q699483,Arrernte
Q699958,Danube Swabians
Q700469,Germans of Romania
Q701314,Burgenland Croats
Q7015203,New Zealand Americans
Q7015349,European New Zealanders
Q701676,Atayal
Q702193,German-Russians
Q7022129,Ngāti Hine
Q7022133,Ngāti Rangi
Q702220,Pennsylvania Dutch
Q7022396,Ngiti
Q7022547,Ngoni
Q7023212,Ngāi Tūhoe
Q7023216,Ngāti Apa
Q7023219,Ngāti Awa
Q7023222,Ngāti Hauā
Q7023227,Ngāti Kahu
Q7023235,Ngāti Mahuta
Q7023237,Ngāti Maru
Q7023241,Ngāti Mutunga
Q7023242,Ngāti Paoa
Q7023252,Ngāti Ranginui
Q7023258,Ngāti Rangiwewehi
Q7023276,Ngāti Tama
Q7023279,Ngāti Tamaterā
Q7023290,Ngāti Tūwharetoa
Q7023293,Ngātiwai
Q7023294,Ngāti Whanaunga
Q7024433,Nicaraguan Americans
Q7026,Catalan
Q702718,British Jews
Q7032863,Nigerian Americans
Q7033019,Nigerian English
Q703353,Tai peoples
Q7033959,Yue Chinese
Q703914,Hoklo people
Q7042622,Nkore-Kiga
Q704608,Turks in Germany
Q7049771,Noongar
Q7053766,North American English
Q7053879,North American Spanish
Q7057961,Inland Northern American English
Q7060510,North–Central American English
Q7061432,Norwegians with Iranian background
Q706500,Puyuma people
Q706528,Yami
Q707007,Rhine Franconian
Q7071318,Nyungwe
Q707133,Taiwanese people
Q707464,Seediq people
Q7079491,Imperial Aramaic
Q7085214,Old Tibetan
Q709963,Truku people
Q710218,Wenzhounese
Q7103776,Oron people
Q7104460,Lebanese Greek Orthodox Christians
Q710817,Sakizaya
Q7108926,Otoe-Missouria Tribe of Indians
Q711083,Koryo-saram
Q711298,Koryo-mar
Q7121294,Pa'O
Q71223,East Franconian German
Q7125803,Pakistani Americans
Q7125962,Pakistanis in Thailand
Q7129609,Caucasian race
Q7129967,Panamanian Americans
Q713003,Sakhalin Koreans
Q7131310,Pankararú
Q7139341,Barngarla
Q7141853,Pascua Yaqui Tribe
Q7144304,Pataxó
Q715238,Paiwan people
Q715278,Formosan
Q715755,Paiwan
Q715760,Yami
Q715766,Atayal
Q715978,Korean Chinese
Q7162990,Peninsular Spanish
Q71632,South Franconian German
Q7165964,Northern Irish
Q716681,Tsou
Q716686,Seediq
Q716690,Puyuma
Q7171142,Peruvian Americans
Q717773,bağlama
Q7179700,Peñasco Mixtec
Q718269,撒奇莱雅语
Q7185155,Philippine Mandarin
Q720982,Crimean Karaites
Q7209881,Polish Brazilian
Q7210044,Poles in the United Kingdom
Q721007,Gurunsi
Q721854,Swahili people
Q7223451,Hoklo Taiwanese
Q72256,Amazonic Spanish
Q7227360,Pomo language
Q7232597,Ternateño
Q7232621,Portuguese Canadians
Q72484,Tay people
Q7258608,Puerto Rican Sign Language
Q7258609,Puerto Rican Spanish
Q7258666,Stateside Puerto Ricans
Q725937,Hungarians in the United Kingdom
Q726665,Asháninka people
Q726673,Finland Swedes
Q7273097,Québécois
Q727694,Standard Chinese
Q727928,Asian Americans
Q72805,Muong people
Q72926,Barese
Q7292868,Rangitāne
Q7294310,Rappahannock Tribe
Q732317,Ewe
Q7325,Jewish people
Q7361504,Roma in Greece
Q7361505,Romani people in Czechoslovakia
Q7361508,Roma in Serbia
Q7361510,Roma in Turkey
Q7361511,Romani people in the United States
Q7361512,Romani people in the Czech Republic
Q736236,Peruvian Spanish
Q7362473,Romani people in Austria
Q7362533,Romanian Canadians
Q7380625,Rusa
Q7382296,Russian Australians
Q7382298,Russian Brazilians
Q739827,Tém
Q7399757,Sahu
Q740417,Shan people
Q7406481,Salvadoran Spanish
Q7406487,Salvadoran Americans
Q7406492,Salvadoran Sign Language
Q7409937,Samoan Americans
Q7409949,Samoan New Zealanders
Q7411,Dutch
Q7416717,Chilean Americans
Q7418699,Sankethi people
Q7427084,Saudi Americans
Q7429945,Scandinavian Americans
Q7429989,Scandinavians
Q7434888,Eurasian
Q7435494,Scotch-Irish Americans
Q7437636,Scottish Brazilian
Q7437641,Scottish Canadians
Q7437878,Scottish New Zealander
Q7449545,Seminole Tribe of Florida
Q7450462,Senegalese Americans
Q7452997,Serbs in Italy
Q745718,Assyrians
Q747547,Canaanite
Q748316,Temne people
Q748548,Lipovans
Q749418,Sweden Finns
Q749720,Tai
Q750479,Lahu people
Q750553,Brazilian Portuguese
Q7507476,Sicilian Americans
Q750947,Pawnee Nation
Q7522198,Sindhi Rajput
Q7523254,Singaporean Americans
Q7523256,Singaporean Australians
Q7523317,Singaporean Canadians
Q752526,Galicians
Q7531942,Sitka Tribe of Alaska
Q7541523,Slovak Americans
Q7541693,Slovene Americans
Q756716,Moravians
Q7568395,South Sea Islander
Q7570103,Southern Luo
Q7570322,Southern Peninsular Malaysian Hokkien
Q757258,Guna people
Q7573109,Spanish immigration to France
Q7573153,Spanish Australians
Q7573411,Spanish language in South America
Q758570,Waorani
Q7586018,Sri Lankan Americans
Q7586023,Sri Lankan Australian
Q7598268,Standard Moroccan Tamazight
Q7633357,Sudanese Americans
Q7633418,Sudanese in Israel
Q765637,Lotud
Q765922,Nagpuri
Q766258,Gurunsi people
Q7665714,São Tomean Portuguese
Q7676603,Taiwanese Canadians
Q7681242,Tamil Americans
Q7682283,Tanana
Q7685391,Taranaki
Q7690712,Te-Moak Tribe of Western Shoshone Indians of Nevada
Q7690742,Te Aitanga-a-Māhaki
Q769092,Xakriabá people
Q7690952,Te Rarawa
Q7691020,Whakatōhea
Q7691037,Te Whānau-ā-Apanui
Q7691049,Te Āti Awa
Q7691050,Te Āti Haunui-a-Pāpārangi
Q7707309,Texan English
Q7709041,Thadou
Q7709309,Thai Britons
Q771405,South Asia
Q773631,Paraguayan Spanish
Q7737,Russian
Q77846563,Beninese French
Q7800220,Tianjin dialect
Q7800405,Tibetan Americans
Q7820911,Tong-Tai dialect
Q7820988,Tonga
Q7824218,Tooro
Q783605,written vernacular Chinese
Q7838,Swahili
Q784,Dominica
Q7842493,Trinidadian Creole
Q7842496,Trinidadian and Tobagonian Americans
Q7850,Chinese
Q785378,White South Africans
Q785474,Banat Bulgarian
Q7855501,Turks in Denmark
Q7856433,Turtle Mountain Band of Chippewa Indians
Q787519,Arab Americans
Q7877667,Ugandan Americans
Q7877674,Ugandan English
Q7881745,Umpaku dialect
Q788321,German Chileans
Q790,Haiti
Q7901452,Uruguayan Americans
Q7901501,Uruguayans
Q7913,Romanian
Q7917392,Cypriot Turkish
Q7918,Bulgarian
Q7919819,Venezuelan Americans
Q7928623,Vietnamese New Zealanders
Q7928671,Vietnamese Czechs
Q7930,Malagasy
Q794,Iran
Q7958576,Waama
Q7960682,Waja
Q7967891,Wangkumara
Q797536,Peranakan
Q7976,American English
Q7979,British English
Q79797,Armenians
Q798284,Bakhtiari people
Q7984255,West African Dwarf
Q7985,received pronunciation
Q7985442,West Indian Americans
Q79890,Finno-Ugric
Q79894,Braille script
Q79897,Morse code
Q7989949,Wet'suwet'en
Q7992,Cockney
Q7994447,White Australians
Q7994501,White British
Q7994663,White Earth Band of Ojibwe
Q7994805,White Hispanic and Latino Americans
Q799929,Gisu people
Q800116,Portuguese in France
Q8002,African American Vernacular English
Q800236,Bahawalpur State
Q80040,Kazakhs
Q8032824,Woodland Cree
Q8039044,Wudhadhi
Q804230,Bacairi
Q804639,Balanta people
Q8047534,Yalálag Zapotec
Q8047958,Yamatji
Q8048832,Yankton Sioux Tribe
Q8050480,Yawuru people
Q8050525,Yaygir
Q8052117,Yemeni American
Q8055853,Yorta Yorta people
Q805841,Luba people
Q8060,Romani people
Q806005,Bamileke
Q806017,Bamileke people
Q8060365,Yugoslav Americans
Q806124,Banatswabian
Q806236,Banda people
Q8070492,Zhangzhou dialect
Q8072050,Zimbabwean American
Q8075416,Zuru
Q8077088,Bernese German
Q809,Polish
Q8097,Telugu
Q809707,Baré
Q8102636,Kabye people
Q810714,Batak
Q8108,Georgian
Q810917,Tswana people
Q811078,Teke people
Q811460,Baoulé people
Q81257619,Okinawan people
Q8141,Modern Hebrew
Q815549,Belgian French
Q815763,Heiltsuk people
Q816665,Benadiri people
Q817393,Black people
Q819186,Mandinka people
Q8202951,medieval Aragonese
Q82048,Lenape
Q820569,Equatoguinean Spanish
Q8216,Greek alphabet
Q821915,Sto:lo
Q8222,Hangul
Q822279,Nuer people
Q824909,Cuban Spanish
Q826591,Nahua
Q828578,Muisca people
Q83328,Turkic peoples
Q833796,Greeks in Germany
Q83418,Normans
Q836076,Lipka Tatars
Q836398,Croats in Germany
Q836699,Romanians in Hungary
Q837169,Old Mandarin
Q837881,Lemkos
Q837985,Middle High German
Q838165,Kajkavian
Q840017,Venezuelan Spanish
Q840530,Dai people
Q840648,Sinti
Q84072,Turks
Q841325,Qiang
Q841756,Ulster Irish
Q842323,Khalkhas
Q842438,British
Q842823,Khorat Thai
Q843235,Biblical Aramaic
Q844091,Calabar
Q84423523,Habr Je'lo
Q844328,Meherrin
Q844538,Merina people
Q84493931,Maisin
Q845441,Sassarese
Q845686,Te Aupōuri
Q845748,Kalash people
Q845985,Negrito
Q846122,Turks in the Netherlands
Q846570,Americans
Q846578,Svan people
Q846599,Weitou dialect
Q847064,Camfranglais
Q847603,Dayak
Q848624,Alaska Natives
Q848668,Venda
Q851126,Gorani people
Q85119937,Acoma Pueblo tribe
Q85120630,Kilamiut
Q85146618,Argentine Spanish
Q85146895,Galician Spanish
Q851575,Gitxsan
Q852425,Tehuelche
Q852431,Puebloan peoples
Q852486,Rapa Nui people
Q85311556,Ostendian
Q854,Sri Lanka
Q854323,Punjabis
Q855215,Iberian
Q856676,Kokang people
Q857295,Chilean Spanish
Q857542,Jingpo people
Q857880,French Canadians
Q85846190,Isleño Spanish
Q858543,Circassian
Q862086,Indians
Q862529,Marehan
Q863284,indigenous peoples in Canada
Q863927,Garifuna
Q8641,Yiddish
Q8646,Hong Kong
Q864717,Te Arawa
Q866036,Bisaya
Q866644,Bissa people
Q86735,Afro-Germans
Q868841,Dungans
Q869,Thailand
Q871904,New Zealanders
Q873625,Brazilians
Q8748,Albanian
Q8752,Basque
Q875344,chữ Nôm
Q8765,Aragonese
Q876715,Vorarlberg dialect
Q877294,Münsterlandisch dialect
Q8778504,Kaŭkvalan-hispana lingvo
Q8778506,Yucatecan Spanish
Q8785,Armenian
Q8786,Alsatian
Q878607,Syrians
Q8798,Ukrainian
Q8821,Montenegrin
Q8826802,Barwe
Q884,South Korea
Q887672,Igala people
Q888553,Kalaallit
Q891077,Wayuu people
Q891085,Wayuu
Q89342802,Tionghoa Padang
Q893594,Puerto Ricans
Q894069,Bororo people (Brazil)
Q897129,Romani people in Hungary
Q897319,Missingsch
Q898799,Traśanka
Q899213,Spanish Argentines
Q902325,Tsonga people
Q9027,Swedish
Q9035,Danish
Q9043,Norwegian
Q9051,Luxembourgish
Q9056,Czech
Q9057197,Pazos
Q9058,Slovak
Q9063,Slovene
Q9067,Hungarian
Q9072,Estonian
Q907518,Indonesians in Japan
Q9078,Latvian
Q907924,Plains Indians
Q9083,Lithuanian
Q9091,Belarusian
Q9097686,Zezuru
Q9129,Greek
Q914077,Kuna
Q9142,Irish
Q9149944,Iraqi Americans
Q9166,Maltese
Q9168,Persian
Q917021,Cantabrian
Q9176,Korean
Q9186,Cantonese
Q9192,Mandarin
Q9199,Vietnamese
Q920233,Chaga people
Q9205,Khmer
Q9211,Lao
Q9217,Thai
Q922399,European Portuguese
Q9228,Burmese
Q923163,Romani people in Romania
Q9237,Malay
Q9240,Indonesian
Q9246,Mongolian
Q9252,Kazakh
Q9255,Kyrgyz
Q925772,Ohkay Owingeh
Q9260,Tajik
Q9264,Uzbek
Q9267,Turkmen
Q9268,Judaism
Q928333,Spaniards in Mexico
Q9288,Hebrew
Q9292,Azerbaijani
Q9296,Macedonian
Q9299,Serbian
Q9301,Serbo-Croatian
Q9303,Bosnian
Q9307,Galician
Q9309,Welsh
Q9314,Scottish Gaelic
Q932244,Sinhalese
Q9322510,Romani people in Poland
Q934315,Walloon Swedes
Q934541,Hainanese
Q934750,Wenatchi
Q936287,English Heritage
Q937585,Palóc
Q938216,Khowar
Q939451,Singlish
Q940348,Bosniaks
Q941167,Tsáchila
Q941391,Snohomish tribe
Q942602,Languedocian
Q945388,Polatlı district
Q945958,Hungarians in Serbia
Q94696335,Eastern Europeans
Q946997,Babylonian
Q947650,Osage Nation
Q947858,Philippine
Q948,Tunisia
Q948126,Hungarian Americans
Q950097,Missisauga
Q951473,Mallorcan
Q952720,Papel people
Q953412,Namlish
Q955150,Irob people
Q955944,Franco-Ontarians
Q956264,Miami people
Q957298,Wiradjuri
Q957764,Canarian Spanish
Q958259,Black Europeans of Sub-Saharan African ancestry
Q96,Mexico
Q9610,Bangla
Q961559,Nguni
Q962,Benin
Q962392,Desano
Q96380381,Haryanvi people
Q96402657,Ror
Q96577671,Kikongo
Q966714,Cofán people
Q9668261,Sixian dialect
Q967031,Jebero
Q968885,Menorcan
Q969552,Sara people
Q972684,Lepcha people
Q973254,Iban
Q973685,Mari
Q973846,Poles in Lithuania
Q97402668,Southern Kaduna
Q97466048,Togolese
Q974693,Italian Americans
Q97497557,Fulani
Q975894,Lugbara people
Q978982,Xavante
Q979914,Quebec French
Q98000063,Congolese
Q98000094,Congolese
Q98034430,Senegalese
Q980944,Murcian Spanish
Q98139677,Gwong people
Q990062,Homeric Greek
Q992401,Sicangu
Q99527566,Filipino British
Q99635758,Equatorial Guineans
Q99766936,Ivorians
